date,close,open,high,low,volume
2020-08-13T00:00:00+05:30,190.16,192.09,192.75,186.05,24047152.0
2020-08-14T00:00:00+05:30,185.39,190.3,191.95,184.54,30460086.0
2020-08-17T00:00:00+05:30,187.61,186.95,188.32,185.81,12438410.0
2020-08-18T00:00:00+05:30,187.42,188.69,188.69,186.19,13230205.0
2020-08-19T00:00:00+05:30,187.32,187.47,190.39,186.99,16393941.0
2020-08-20T00:00:00+05:30,184.82,185.96,186.14,183.64,17915029.0
2020-08-21T00:00:00+05:30,185.77,186.9,188.03,185.29,18257667.0
2020-08-24T00:00:00+05:30,185.67,186.19,187.84,185.34,15613075.0
2020-08-25T00:00:00+05:30,184.45,186.19,187.18,184.16,16102014.0
2020-08-26T00:00:00+05:30,184.02,185.48,185.53,182.79,23975739.0
2020-08-27T00:00:00+05:30,183.36,187.37,187.75,183.03,50017605.0
2020-08-28T00:00:00+05:30,184.59,183.69,185.29,183.17,36703507.0
2020-08-31T00:00:00+05:30,180.39,187.84,187.84,179.35,102759386.0
2020-09-01T00:00:00+05:30,179.54,180.39,181.57,177.7,42141923.0
2020-09-02T00:00:00+05:30,180.62,180.58,182.18,179.02,21808305.0
2020-09-03T00:00:00+05:30,180.86,180.67,182.42,179.35,16624505.0
2020-09-04T00:00:00+05:30,176.23,179.35,179.35,175.29,43847339.0
2020-09-07T00:00:00+05:30,178.5,176.75,179.82,170.66,34603998.0
2020-09-08T00:00:00+05:30,177.6,178.97,179.87,174.25,27111341.0
2020-09-09T00:00:00+05:30,173.5,175.1,175.81,172.08,29483112.0
2020-09-10T00:00:00+05:30,174.53,173.78,175.29,172.93,18841382.0
2020-09-11T00:00:00+05:30,173.64,174.53,176.04,172.5,20400517.0
2020-09-14T00:00:00+05:30,173.07,175.38,175.43,172.74,32833797.0
2020-09-15T00:00:00+05:30,171.61,173.68,173.87,170.66,32599747.0
2020-09-16T00:00:00+05:30,170.52,171.65,173.21,169.96,53653673.0
2020-09-17T00:00:00+05:30,168.59,170.66,171.32,167.83,35951714.0
2020-09-18T00:00:00+05:30,169.06,169.48,169.77,167.08,31552118.0
2020-09-21T00:00:00+05:30,165.9,169.91,170.48,165.24,25311554.0
2020-09-22T00:00:00+05:30,164.43,165.9,166.84,164.01,19633343.0
2020-09-23T00:00:00+05:30,162.83,165.14,167.6,162.07,65455391.0
2020-09-24T00:00:00+05:30,157.21,162.07,162.12,156.84,33356982.0
2020-09-25T00:00:00+05:30,161.18,159.43,161.6,157.64,28209278.0
2020-09-28T00:00:00+05:30,163.58,161.41,165.0,160.94,24572341.0
2020-09-29T00:00:00+05:30,159.9,164.95,164.95,159.53,27139120.0
2020-09-30T00:00:00+05:30,162.07,160.47,162.45,159.24,19579755.0
2020-10-01T00:00:00+05:30,161.27,164.72,164.81,160.56,20931802.0
2020-10-05T00:00:00+05:30,159.76,161.51,163.11,159.29,25744493.0
2020-10-06T00:00:00+05:30,160.37,160.0,161.98,158.68,23186190.0
2020-10-07T00:00:00+05:30,160.0,160.47,161.32,159.53,17254008.0
2020-10-08T00:00:00+05:30,157.78,160.56,160.85,157.54,27018729.0
2020-10-09T00:00:00+05:30,158.44,158.11,159.43,157.02,23702302.0
2020-10-12T00:00:00+05:30,162.55,160.94,165.38,160.47,70185470.0
2020-10-13T00:00:00+05:30,160.61,163.16,165.05,160.0,37804808.0
2020-10-14T00:00:00+05:30,158.39,160.99,161.41,157.68,40489037.0
2020-10-15T00:00:00+05:30,155.8,158.3,158.39,155.32,28727513.0
2020-10-16T00:00:00+05:30,156.41,156.22,157.45,154.62,21428459.0
2020-10-19T00:00:00+05:30,158.82,157.45,159.43,156.84,20146305.0
2020-10-20T00:00:00+05:30,158.06,158.58,158.86,157.35,17108178.0
2020-10-21T00:00:00+05:30,158.25,158.72,159.43,157.26,17457940.0
2020-10-22T00:00:00+05:30,159.1,158.16,159.62,157.64,23353736.0
2020-10-23T00:00:00+05:30,161.18,159.48,161.41,158.35,21343980.0
2020-10-26T00:00:00+05:30,159.1,161.89,161.98,158.82,17036628.0
2020-10-27T00:00:00+05:30,157.83,159.05,159.81,157.4,48611232.0
2020-10-28T00:00:00+05:30,156.22,159.05,159.05,155.75,17819876.0
2020-10-29T00:00:00+05:30,154.66,155.75,156.65,154.29,22256525.0
2020-10-30T00:00:00+05:30,155.99,154.81,157.45,154.19,17318435.0
2020-11-02T00:00:00+05:30,157.4,157.45,157.83,155.23,15224163.0
2020-11-03T00:00:00+05:30,160.56,157.83,161.18,157.73,23945354.0
2020-11-04T00:00:00+05:30,160.28,160.52,162.17,158.77,19925928.0
2020-11-05T00:00:00+05:30,164.95,161.65,165.19,160.66,28601108.0
2020-11-06T00:00:00+05:30,164.2,166.6,167.27,163.68,36286329.0
2020-11-09T00:00:00+05:30,163.11,164.2,167.36,162.22,37382249.0
2020-11-10T00:00:00+05:30,168.35,165.19,169.48,162.22,60872116.0
2020-11-11T00:00:00+05:30,174.91,169.53,175.48,168.59,67079320.0
2020-11-12T00:00:00+05:30,177.46,174.82,178.17,173.54,49121708.0
2020-11-13T00:00:00+05:30,176.61,176.7,178.22,175.15,29873528.0
2020-11-14T00:00:00+05:30,178.03,178.45,179.35,177.51,8228456.0
2020-11-17T00:00:00+05:30,176.85,178.4,178.78,175.95,22194904.0
2020-11-18T00:00:00+05:30,173.73,176.33,177.88,172.5,28175604.0
2020-11-19T00:00:00+05:30,177.37,172.55,181.05,172.46,51893946.0
2020-11-20T00:00:00+05:30,180.95,178.22,181.24,175.62,47998243.0
2020-11-23T00:00:00+05:30,180.15,181.24,181.71,178.07,24557209.0
2020-11-24T00:00:00+05:30,184.59,179.91,185.44,179.91,48108953.0
2020-11-25T00:00:00+05:30,182.98,185.01,186.85,181.71,44133437.0
2020-11-26T00:00:00+05:30,183.88,184.16,184.87,181.76,25661626.0
2020-11-27T00:00:00+05:30,182.79,183.55,184.78,182.37,33249464.0
2020-12-01T00:00:00+05:30,183.5,184.07,185.34,181.61,16837297.0
2020-12-02T00:00:00+05:30,184.96,184.07,187.61,182.7,30114246.0
2020-12-03T00:00:00+05:30,185.2,186.14,186.14,183.64,29672579.0
2020-12-04T00:00:00+05:30,187.09,185.81,188.17,185.48,23468022.0
2020-12-07T00:00:00+05:30,191.76,187.09,192.33,186.52,37813386.0
2020-12-08T00:00:00+05:30,191.1,192.47,193.22,188.36,32686468.0
2020-12-09T00:00:00+05:30,193.88,193.51,196.15,193.18,42041365.0
2020-12-10T00:00:00+05:30,200.78,195.06,201.67,191.76,69101543.0
2020-12-11T00:00:00+05:30,204.17,202.43,205.73,201.39,63905168.0
2020-12-14T00:00:00+05:30,203.8,205.73,206.34,202.95,28593080.0
2020-12-15T00:00:00+05:30,201.58,203.18,204.27,199.74,24636826.0
2020-12-16T00:00:00+05:30,202.0,201.77,203.47,201.53,20712857.0
2020-12-17T00:00:00+05:30,201.11,202.19,203.04,199.41,23715764.0
2020-12-18T00:00:00+05:30,202.47,201.15,203.84,197.99,25187121.0
2020-12-21T00:00:00+05:30,191.57,202.47,202.66,187.99,44319485.0
2020-12-22T00:00:00+05:30,192.0,191.71,194.69,185.86,43420650.0
2020-12-23T00:00:00+05:30,196.1,191.62,196.57,190.68,25103020.0
2020-12-24T00:00:00+05:30,196.91,198.23,198.84,194.07,24120557.0
2020-12-28T00:00:00+05:30,197.75,197.28,198.42,196.2,16675903.0
2020-12-29T00:00:00+05:30,199.69,198.7,201.53,198.32,28123140.0
2020-12-30T00:00:00+05:30,199.31,200.78,201.53,197.8,20049287.0
2020-12-31T00:00:00+05:30,197.28,198.75,199.45,196.86,19328909.0
2021-01-01T00:00:00+05:30,201.86,198.13,202.19,197.57,20687117.0
2021-01-04T00:00:00+05:30,201.44,202.0,203.89,200.21,28488980.0
2021-01-05T00:00:00+05:30,199.6,200.54,201.29,198.79,19094585.0
2021-01-06T00:00:00+05:30,193.88,199.6,199.64,193.04,51982116.0
2021-01-07T00:00:00+05:30,191.43,194.55,195.96,190.77,37028324.0
2021-01-08T00:00:00+05:30,190.2,192.89,194.45,189.02,59778743.0
2021-01-11T00:00:00+05:30,191.15,192.56,194.55,189.97,45523153.0
2021-01-12T00:00:00+05:30,194.88,191.62,195.3,190.3,37732823.0
2021-01-13T00:00:00+05:30,199.41,195.82,201.06,193.74,67722744.0
2021-01-14T00:00:00+05:30,202.14,200.11,204.36,199.74,51173191.0
2021-01-15T00:00:00+05:30,205.64,202.85,206.25,199.36,61785019.0
2021-01-18T00:00:00+05:30,207.43,206.16,209.55,202.57,71623244.0
2021-01-19T00:00:00+05:30,206.58,208.61,209.27,205.31,33672896.0
2021-01-20T00:00:00+05:30,205.45,206.25,206.72,203.61,47325671.0
2021-01-21T00:00:00+05:30,201.72,206.72,207.19,200.3,30721507.0
2021-01-22T00:00:00+05:30,198.89,202.0,202.71,197.42,26179909.0
2021-01-25T00:00:00+05:30,196.15,200.11,200.59,195.25,26450814.0
2021-01-27T00:00:00+05:30,198.84,196.34,200.73,195.49,51350210.0
2021-01-28T00:00:00+05:30,195.02,197.52,199.17,194.22,23446465.0
2021-01-29T00:00:00+05:30,191.86,196.86,197.09,191.01,25176105.0
2021-02-01T00:00:00+05:30,203.84,192.56,205.73,190.49,61174020.0
2021-02-02T00:00:00+05:30,205.97,207.67,210.97,204.83,51335827.0
2021-02-03T00:00:00+05:30,204.6,209.08,209.55,203.61,56829290.0
2021-02-04T00:00:00+05:30,217.06,203.98,218.43,203.89,112103785.0
2021-02-05T00:00:00+05:30,221.21,219.13,225.46,214.51,132943530.0
2021-02-08T00:00:00+05:30,220.03,224.19,224.7,218.52,43960390.0
2021-02-09T00:00:00+05:30,216.16,221.45,225.79,215.41,74852421.0
2021-02-10T00:00:00+05:30,214.79,216.16,218.14,210.59,50091407.0
2021-02-11T00:00:00+05:30,213.75,216.16,216.44,211.91,46222766.0
2021-02-12T00:00:00+05:30,205.26,213.09,213.09,203.7,117135065.0
2021-02-15T00:00:00+05:30,206.34,206.2,208.61,205.31,33663855.0
2021-02-16T00:00:00+05:30,206.01,206.77,209.37,205.07,30880127.0
2021-02-17T00:00:00+05:30,205.54,205.4,206.16,204.41,21029495.0
2021-02-18T00:00:00+05:30,206.58,205.97,208.23,205.68,25500182.0
2021-02-19T00:00:00+05:30,203.84,206.58,206.63,202.0,29795639.0
2021-02-22T00:00:00+05:30,195.44,200.11,200.11,194.45,54607770.0
2021-02-23T00:00:00+05:30,196.81,196.34,198.75,195.39,28260314.0
2021-02-24T00:00:00+05:30,197.14,197.38,198.04,194.92,13505209.0
2021-02-25T00:00:00+05:30,197.42,197.75,199.36,197.09,27495633.0
2021-02-26T00:00:00+05:30,192.42,195.63,196.34,191.62,46008683.0
2021-03-01T00:00:00+05:30,195.3,193.93,196.1,192.61,17189217.0
2021-03-02T00:00:00+05:30,198.13,195.39,198.98,194.92,27124874.0
2021-03-03T00:00:00+05:30,198.18,200.11,200.11,197.09,22084227.0
2021-03-04T00:00:00+05:30,197.94,197.09,199.45,195.96,26378047.0
2021-03-05T00:00:00+05:30,196.86,196.34,198.23,195.58,18352487.0
2021-03-08T00:00:00+05:30,196.34,197.94,198.98,196.06,24354107.0
2021-03-09T00:00:00+05:30,196.15,197.0,197.99,193.27,23934954.0
2021-03-10T00:00:00+05:30,194.92,197.38,197.47,194.26,20767505.0
2021-03-12T00:00:00+05:30,193.7,196.34,196.34,192.09,32616545.0
2021-03-15T00:00:00+05:30,193.93,194.31,194.45,190.3,43557897.0
2021-03-16T00:00:00+05:30,196.2,194.83,197.19,193.46,51659372.0
2021-03-17T00:00:00+05:30,198.79,200.3,201.91,196.86,83245712.0
2021-03-18T00:00:00+05:30,205.45,201.06,206.82,200.02,97456838.0
2021-03-19T00:00:00+05:30,210.45,206.72,213.47,203.47,142154626.0
2021-03-22T00:00:00+05:30,213.33,210.78,213.71,209.08,48785301.0
2021-03-23T00:00:00+05:30,209.74,212.39,215.31,208.89,44033328.0
2021-03-24T00:00:00+05:30,203.84,208.61,210.31,203.18,29249035.0
2021-03-25T00:00:00+05:30,199.74,203.09,203.84,197.33,43097460.0
2021-03-26T00:00:00+05:30,199.08,202.24,202.43,198.56,27628367.0
2021-03-30T00:00:00+05:30,202.52,201.29,202.95,198.6,29443109.0
2021-03-31T00:00:00+05:30,206.25,202.05,207.01,200.78,38652290.0
2021-04-01T00:00:00+05:30,207.71,207.67,208.23,205.12,30788882.0
2021-04-05T00:00:00+05:30,200.63,205.4,207.67,198.7,33241677.0
2021-04-06T00:00:00+05:30,200.73,201.81,202.9,198.37,27199093.0
2021-04-07T00:00:00+05:30,201.81,200.78,203.14,200.54,16107944.0
2021-04-08T00:00:00+05:30,201.29,202.8,203.98,200.92,14955315.0
2021-04-09T00:00:00+05:30,201.15,201.77,203.84,200.63,17336166.0
2021-04-12T00:00:00+05:30,193.79,198.23,199.17,193.51,36561417.0
2021-04-13T00:00:00+05:30,197.0,195.39,197.94,194.45,21450204.0
2021-04-15T00:00:00+05:30,195.11,197.28,198.65,194.45,18571943.0
2021-04-16T00:00:00+05:30,196.29,196.34,197.52,194.92,14102559.0
2021-04-19T00:00:00+05:30,194.07,193.51,194.55,192.33,16730249.0
2021-04-20T00:00:00+05:30,192.14,194.64,195.39,191.15,22633803.0
2021-04-22T00:00:00+05:30,194.36,190.68,194.73,189.31,24514070.0
2021-04-23T00:00:00+05:30,193.84,192.8,195.39,192.8,20790988.0
2021-04-26T00:00:00+05:30,193.79,194.26,195.16,193.22,21067313.0
2021-04-27T00:00:00+05:30,193.88,193.79,195.35,193.55,12124554.0
2021-04-28T00:00:00+05:30,193.98,194.45,194.92,193.79,13462786.0
2021-04-29T00:00:00+05:30,192.85,195.49,195.91,192.61,13874608.0
2021-04-30T00:00:00+05:30,191.24,192.47,194.17,190.68,17475381.0
2021-05-03T00:00:00+05:30,189.68,189.92,190.53,188.79,21835809.0
2021-05-04T00:00:00+05:30,188.41,189.92,191.01,187.94,19343753.0
2021-05-05T00:00:00+05:30,190.11,190.16,190.68,188.32,14685997.0
2021-05-06T00:00:00+05:30,191.38,190.96,194.4,190.77,15171447.0
2021-05-07T00:00:00+05:30,193.84,191.57,194.88,191.57,20619487.0
2021-05-10T00:00:00+05:30,194.03,195.54,195.82,193.51,17263196.0
2021-05-11T00:00:00+05:30,192.56,192.47,194.92,192.33,14564046.0
2021-05-12T00:00:00+05:30,191.86,192.47,193.74,191.48,17519828.0
2021-05-14T00:00:00+05:30,200.35,193.51,201.25,192.56,65308519.0
2021-05-17T00:00:00+05:30,200.68,204.65,204.83,199.78,40258865.0
2021-05-18T00:00:00+05:30,198.27,202.1,202.57,197.9,32289819.0
2021-05-19T00:00:00+05:30,196.1,198.27,199.55,195.91,25854821.0
2021-05-20T00:00:00+05:30,195.39,196.76,197.57,195.21,22124749.0
2021-05-21T00:00:00+05:30,197.33,195.96,198.09,195.77,23982557.0
2021-05-24T00:00:00+05:30,199.64,197.75,200.16,196.1,30580220.0
2021-05-25T00:00:00+05:30,199.08,201.06,201.44,198.46,26839589.0
2021-05-26T00:00:00+05:30,198.79,199.93,200.54,198.51,18620034.0
2021-05-27T00:00:00+05:30,199.31,199.17,202.14,198.51,50378600.0
2021-05-28T00:00:00+05:30,200.96,200.59,201.53,199.69,27117862.0
2021-05-31T00:00:00+05:30,204.46,202.95,205.68,202.38,77377558.0
2021-06-01T00:00:00+05:30,203.18,205.78,207.1,202.24,41056888.0
2021-06-02T00:00:00+05:30,197.28,198.7,200.54,196.91,102395608.0
2021-06-03T00:00:00+05:30,197.33,198.93,198.93,197.0,49428644.0
2021-06-04T00:00:00+05:30,197.05,197.75,197.94,196.34,31915291.0
2021-06-07T00:00:00+05:30,199.6,198.6,200.49,198.42,33300192.0
2021-06-08T00:00:00+05:30,201.67,200.3,202.24,199.36,22524134.0
2021-06-09T00:00:00+05:30,200.59,202.0,202.71,199.64,26366089.0
2021-06-10T00:00:00+05:30,197.57,197.0,199.55,195.87,32544111.0
2021-06-11T00:00:00+05:30,196.24,198.51,198.65,196.1,22696741.0
2021-06-14T00:00:00+05:30,195.68,196.29,196.76,193.7,18727829.0
2021-06-15T00:00:00+05:30,195.44,195.91,196.72,195.39,15736533.0
2021-06-16T00:00:00+05:30,196.2,195.44,197.61,195.44,21298292.0
2021-06-17T00:00:00+05:30,194.12,195.35,196.34,193.51,22752467.0
2021-06-18T00:00:00+05:30,193.08,194.45,194.88,191.15,24967293.0
2021-06-21T00:00:00+05:30,192.99,191.71,194.45,191.05,20207585.0
2021-06-22T00:00:00+05:30,193.6,194.55,194.69,192.89,19114281.0
2021-06-23T00:00:00+05:30,192.52,194.12,194.31,192.19,13322087.0
2021-06-24T00:00:00+05:30,191.86,192.99,193.18,191.19,23767767.0
2021-06-25T00:00:00+05:30,193.55,192.56,194.07,192.33,14701415.0
2021-06-28T00:00:00+05:30,192.19,194.36,194.36,191.95,15495901.0
2021-06-29T00:00:00+05:30,191.9,192.19,193.79,191.76,14117541.0
2021-06-30T00:00:00+05:30,191.34,192.85,192.94,191.19,16889273.0
2021-07-01T00:00:00+05:30,191.62,191.52,192.37,190.82,10796586.0
2021-07-02T00:00:00+05:30,191.05,191.9,192.28,190.91,13452995.0
2021-07-05T00:00:00+05:30,192.23,191.62,192.66,191.34,10856921.0
2021-07-06T00:00:00+05:30,191.15,191.86,192.37,190.91,11747246.0
2021-07-07T00:00:00+05:30,192.33,191.15,193.7,190.96,18941354.0
2021-07-08T00:00:00+05:30,190.68,192.09,193.04,190.49,22167804.0
2021-07-09T00:00:00+05:30,190.06,190.68,191.01,189.64,12536902.0
2021-07-12T00:00:00+05:30,189.83,190.68,191.19,189.68,13862497.0
2021-07-13T00:00:00+05:30,190.53,190.68,190.86,190.06,11473660.0
2021-07-14T00:00:00+05:30,192.66,190.53,193.65,190.39,21696796.0
2021-07-15T00:00:00+05:30,194.69,192.94,196.81,191.52,30565875.0
2021-07-16T00:00:00+05:30,196.24,196.06,197.9,195.58,30743394.0
2021-07-19T00:00:00+05:30,196.1,195.21,197.75,194.78,17442875.0
2021-07-20T00:00:00+05:30,195.21,196.53,197.57,194.83,25061859.0
2021-07-22T00:00:00+05:30,195.39,195.39,196.57,194.31,19399111.0
2021-07-23T00:00:00+05:30,200.49,195.39,201.62,194.92,47171354.0
2021-07-26T00:00:00+05:30,199.31,202.0,203.28,198.98,50070902.0
2021-07-27T00:00:00+05:30,196.95,200.11,201.06,196.29,25888329.0
2021-07-28T00:00:00+05:30,197.38,196.62,198.23,195.82,15612103.0
2021-07-29T00:00:00+05:30,194.5,197.38,198.42,194.12,16530483.0
2021-07-30T00:00:00+05:30,193.46,194.55,195.49,193.13,15827685.0
2021-08-02T00:00:00+05:30,195.68,194.88,195.87,193.93,10248702.0
2021-08-03T00:00:00+05:30,198.13,195.87,199.08,194.88,19565425.0
2021-08-04T00:00:00+05:30,196.91,199.08,199.27,196.43,11651478.0
2021-08-05T00:00:00+05:30,203.18,196.91,204.6,195.3,49980530.0
2021-08-06T00:00:00+05:30,202.24,203.32,203.89,200.68,24982218.0
2021-08-09T00:00:00+05:30,201.81,202.95,204.98,200.78,21567274.0
2021-08-10T00:00:00+05:30,198.09,202.0,202.43,196.86,19234258.0
2021-08-11T00:00:00+05:30,196.95,198.09,198.79,195.82,16334390.0
2021-08-12T00:00:00+05:30,197.19,198.46,202.19,196.67,29336927.0
2021-08-13T00:00:00+05:30,199.6,198.09,200.4,197.47,19970550.0
2021-08-16T00:00:00+05:30,199.08,199.55,201.29,198.7,11854685.0
2021-08-17T00:00:00+05:30,197.47,198.98,199.64,197.09,8325224.0
2021-08-18T00:00:00+05:30,197.24,197.85,199.64,196.67,11373279.0
2021-08-20T00:00:00+05:30,197.19,195.39,198.89,195.11,20574473.0
2021-08-23T00:00:00+05:30,194.73,197.75,198.42,194.45,10526514.0
2021-08-24T00:00:00+05:30,194.22,195.39,195.39,193.22,13231916.0
2021-08-25T00:00:00+05:30,194.83,194.83,196.24,194.45,11215680.0
2021-08-26T00:00:00+05:30,193.13,194.83,195.25,192.89,15717335.0
2021-08-27T00:00:00+05:30,194.36,193.51,195.25,193.41,11098606.0
2021-08-30T00:00:00+05:30,196.34,194.45,196.53,194.45,12802597.0
2021-08-31T00:00:00+05:30,199.45,196.39,199.74,195.63,27341266.0
2021-09-01T00:00:00+05:30,197.75,199.17,200.4,197.57,17206616.0
2021-09-02T00:00:00+05:30,197.99,197.28,199.64,197.28,15171739.0
2021-09-03T00:00:00+05:30,198.79,197.99,199.41,197.99,10836373.0
2021-09-06T00:00:00+05:30,197.57,199.17,199.36,197.33,11263630.0
2021-09-07T00:00:00+05:30,199.88,199.08,202.33,198.37,39716155.0
2021-09-08T00:00:00+05:30,199.41,200.35,201.06,197.94,18256851.0
2021-09-09T00:00:00+05:30,200.73,199.22,201.91,198.75,20182760.0
2021-09-13T00:00:00+05:30,202.14,201.39,203.09,199.93,16996789.0
2021-09-14T00:00:00+05:30,203.98,202.85,205.07,202.19,20787246.0
2021-09-15T00:00:00+05:30,203.89,204.93,205.02,203.23,21451389.0
2021-09-16T00:00:00+05:30,217.81,204.79,220.55,204.17,158102628.0
2021-09-17T00:00:00+05:30,218.19,219.94,224.0,216.26,84223645.0
2021-09-20T00:00:00+05:30,220.65,218.05,225.93,217.34,74571690.0
2021-09-21T00:00:00+05:30,227.96,221.78,228.86,218.71,60037734.0
2021-09-22T00:00:00+05:30,229.85,229.85,232.02,227.21,55747231.0
2021-09-23T00:00:00+05:30,228.9,231.26,231.83,228.15,23085325.0
2021-09-24T00:00:00+05:30,225.08,230.32,230.32,224.37,26297617.0
2021-09-27T00:00:00+05:30,225.32,226.36,228.29,222.3,24250074.0
2021-09-28T00:00:00+05:30,224.42,226.4,228.06,223.05,16647243.0
2021-09-29T00:00:00+05:30,224.75,222.77,227.87,222.49,16367668.0
2021-09-30T00:00:00+05:30,222.91,226.45,226.92,222.06,17329444.0
2021-10-01T00:00:00+05:30,222.16,222.01,223.71,219.84,16903824.0
2021-10-04T00:00:00+05:30,223.34,222.77,224.99,222.2,11321257.0
2021-10-05T00:00:00+05:30,221.54,223.15,224.14,221.35,9771412.0
2021-10-06T00:00:00+05:30,218.29,221.64,223.15,217.67,18544841.0
2021-10-07T00:00:00+05:30,219.89,219.94,221.78,219.28,10987530.0
2021-10-08T00:00:00+05:30,218.71,221.59,221.64,218.24,10317681.0
2021-10-11T00:00:00+05:30,224.7,218.99,226.07,218.71,22442632.0
2021-10-12T00:00:00+05:30,227.77,225.22,229.38,224.66,30957608.0
2021-10-13T00:00:00+05:30,235.23,228.95,236.83,226.69,53138749.0
2021-10-14T00:00:00+05:30,242.17,239.05,247.17,236.31,90479463.0
2021-10-18T00:00:00+05:30,247.83,246.37,250.43,242.92,63873869.0
2021-10-19T00:00:00+05:30,232.16,246.75,247.83,231.31,62569613.0
2021-10-20T00:00:00+05:30,232.77,232.16,234.57,228.76,50662460.0
2021-10-21T00:00:00+05:30,230.98,234.1,234.43,229.47,23856178.0
2021-10-22T00:00:00+05:30,223.34,230.98,232.02,220.6,37647804.0
2021-10-25T00:00:00+05:30,220.31,220.98,223.38,217.58,23660394.0
2021-10-26T00:00:00+05:30,223.43,220.98,225.6,219.56,20058724.0
2021-10-27T00:00:00+05:30,225.08,226.78,227.77,222.96,27450457.0
2021-10-28T00:00:00+05:30,212.48,221.92,222.72,211.58,49031313.0
2021-10-29T00:00:00+05:30,210.69,212.39,215.45,209.84,28224459.0
2021-11-01T00:00:00+05:30,214.13,211.58,214.79,210.03,24575307.0
2021-11-02T00:00:00+05:30,212.95,215.22,216.4,211.91,15195781.0
2021-11-03T00:00:00+05:30,209.98,213.33,214.13,209.27,18903093.0
2021-11-04T00:00:00+05:30,213.85,212.24,214.56,211.44,7442018.0
2021-11-08T00:00:00+05:30,216.92,216.82,217.77,213.05,21474484.0
2021-11-09T00:00:00+05:30,215.93,216.96,217.96,215.08,12205071.0
2021-11-10T00:00:00+05:30,217.91,214.7,219.8,214.46,14228820.0
2021-11-11T00:00:00+05:30,217.11,217.48,218.52,215.74,8618120.0
2021-11-12T00:00:00+05:30,219.84,218.24,220.83,216.3,12559665.0
2021-11-15T00:00:00+05:30,224.75,220.83,225.6,220.03,41057053.0
2021-11-16T00:00:00+05:30,222.25,225.65,226.21,221.83,15547616.0
2021-11-17T00:00:00+05:30,226.07,222.77,231.5,222.44,49471339.0
2021-11-18T00:00:00+05:30,224.19,226.54,229.38,223.05,21427355.0
2021-11-22T00:00:00+05:30,217.96,224.56,227.25,216.68,23914975.0
2021-11-23T00:00:00+05:30,218.62,216.3,219.65,216.3,14231232.0
2021-11-24T00:00:00+05:30,214.93,219.42,219.65,214.23,14979660.0
2021-11-25T00:00:00+05:30,218.33,214.27,219.18,213.09,25324623.0
2021-11-26T00:00:00+05:30,211.44,216.07,217.15,210.59,28632234.0
2021-11-29T00:00:00+05:30,209.08,209.55,211.11,207.85,23447491.0
2021-11-30T00:00:00+05:30,208.75,209.55,212.57,207.67,24899390.0
2021-12-01T00:00:00+05:30,209.46,209.55,210.78,208.23,13767657.0
2021-12-02T00:00:00+05:30,212.81,209.46,213.47,208.89,16849480.0
2021-12-03T00:00:00+05:30,209.22,212.39,213.52,208.94,14613950.0
2021-12-06T00:00:00+05:30,205.68,209.22,209.74,205.31,13918679.0
2021-12-07T00:00:00+05:30,208.28,206.63,209.51,205.87,9432666.0
2021-12-08T00:00:00+05:30,212.34,208.61,213.0,208.61,10447570.0
2021-12-09T00:00:00+05:30,222.2,210.5,223.19,210.5,40513158.0
2021-12-10T00:00:00+05:30,222.86,222.96,225.55,220.65,37251313.0
2021-12-13T00:00:00+05:30,221.45,224.66,225.36,221.02,23364212.0
2021-12-14T00:00:00+05:30,215.78,221.83,223.81,214.79,39736179.0
2021-12-15T00:00:00+05:30,211.49,217.11,219.18,210.88,36711185.0
2021-12-16T00:00:00+05:30,210.4,213.33,213.47,208.42,25636465.0
2021-12-17T00:00:00+05:30,205.73,210.31,210.36,204.6,31446998.0
2021-12-20T00:00:00+05:30,200.49,204.13,204.13,198.04,39558566.0
2021-12-21T00:00:00+05:30,200.59,202.0,203.37,199.22,20547564.0
2021-12-22T00:00:00+05:30,200.11,202.0,202.19,199.27,18263386.0
2021-12-23T00:00:00+05:30,205.12,201.91,206.2,201.25,23528819.0
2021-12-24T00:00:00+05:30,205.78,205.78,208.09,204.32,17566412.0
2021-12-27T00:00:00+05:30,205.35,206.16,206.2,203.56,8637342.0
2021-12-28T00:00:00+05:30,207.71,205.78,208.23,205.78,12255907.0
2021-12-29T00:00:00+05:30,204.6,207.67,207.95,204.17,12162840.0
2021-12-30T00:00:00+05:30,203.89,204.46,205.68,203.42,10319755.0
2021-12-31T00:00:00+05:30,205.83,204.74,206.53,204.03,8034239.0
2022-01-03T00:00:00+05:30,206.82,205.83,207.52,204.88,8226710.0
2022-01-04T00:00:00+05:30,207.9,207.19,209.27,206.77,9587773.0
2022-01-05T00:00:00+05:30,208.19,207.34,209.08,206.39,11897604.0
2022-01-06T00:00:00+05:30,206.44,206.72,208.04,205.97,9482190.0
2022-01-07T00:00:00+05:30,206.16,207.48,208.28,205.31,9380967.0
2022-01-10T00:00:00+05:30,210.78,207.57,212.1,206.63,16782159.0
2022-01-11T00:00:00+05:30,209.51,210.83,211.68,208.8,8497067.0
2022-01-12T00:00:00+05:30,210.26,210.03,211.11,209.18,13940438.0
2022-01-13T00:00:00+05:30,211.39,211.35,213.14,210.26,12184170.0
2022-01-14T00:00:00+05:30,210.12,211.39,212.2,209.84,11197491.0
2022-01-17T00:00:00+05:30,212.01,210.12,212.95,208.94,13049932.0
2022-01-18T00:00:00+05:30,208.37,212.01,214.56,207.95,15249003.0
2022-01-19T00:00:00+05:30,208.0,208.37,209.93,206.44,12155257.0
2022-01-20T00:00:00+05:30,206.49,208.19,209.7,205.78,18359168.0
2022-01-21T00:00:00+05:30,204.88,206.25,208.14,203.89,17571369.0
2022-01-24T00:00:00+05:30,199.93,204.88,205.54,199.08,18385701.0
2022-01-25T00:00:00+05:30,202.29,200.11,202.66,197.8,19411186.0
2022-01-27T00:00:00+05:30,202.57,199.41,203.42,199.27,24524610.0
2022-01-28T00:00:00+05:30,205.4,203.04,206.96,203.04,16184335.0
2022-01-31T00:00:00+05:30,207.85,206.25,208.37,204.93,15932215.0
2022-02-01T00:00:00+05:30,214.98,208.61,215.97,206.86,45773266.0
2022-02-02T00:00:00+05:30,219.13,217.11,220.22,216.16,43573504.0
2022-02-03T00:00:00+05:30,221.31,219.13,222.01,218.8,29499814.0
2022-02-04T00:00:00+05:30,221.16,223.95,225.13,218.57,60073880.0
2022-02-07T00:00:00+05:30,217.29,220.88,221.59,215.69,25606673.0
2022-02-08T00:00:00+05:30,218.29,217.39,219.28,216.21,17163520.0
2022-02-09T00:00:00+05:30,217.25,219.28,219.94,215.93,12600214.0
2022-02-10T00:00:00+05:30,219.23,215.88,220.31,214.98,20725517.0
2022-02-11T00:00:00+05:30,219.42,218.99,220.22,216.92,19171367.0
2022-02-14T00:00:00+05:30,207.15,213.33,213.33,206.25,24096132.0
2022-02-15T00:00:00+05:30,210.5,208.61,210.97,206.3,13640012.0
2022-02-16T00:00:00+05:30,210.26,211.25,212.1,209.41,11898672.0
2022-02-17T00:00:00+05:30,210.17,210.55,211.77,208.47,14857083.0
2022-02-18T00:00:00+05:30,209.46,210.17,210.92,209.08,9185939.0
2022-02-21T00:00:00+05:30,205.78,207.95,208.89,204.98,17086965.0
2022-02-22T00:00:00+05:30,202.8,202.95,204.74,201.06,27278667.0
2022-02-23T00:00:00+05:30,203.84,204.65,205.31,202.99,11668452.0
2022-02-24T00:00:00+05:30,196.81,198.23,201.34,195.39,43796914.0
2022-02-25T00:00:00+05:30,201.96,199.64,204.36,198.75,25037326.0
2022-02-28T00:00:00+05:30,203.75,201.25,204.32,198.98,21224547.0
2022-03-02T00:00:00+05:30,203.23,202.38,204.46,200.54,20442038.0
2022-03-03T00:00:00+05:30,207.1,203.94,207.85,203.89,30227305.0
2022-03-04T00:00:00+05:30,212.86,205.5,214.65,204.83,70805302.0
2022-03-07T00:00:00+05:30,212.34,209.55,214.27,207.76,47946711.0
2022-03-08T00:00:00+05:30,214.18,211.35,215.64,211.21,38176637.0
2022-03-09T00:00:00+05:30,216.4,214.93,218.43,213.42,44806921.0
2022-03-10T00:00:00+05:30,218.99,218.05,219.47,215.08,38278242.0
2022-03-11T00:00:00+05:30,223.1,218.9,223.81,217.25,44175818.0
2022-03-14T00:00:00+05:30,225.6,223.01,226.03,222.11,37199137.0
2022-03-15T00:00:00+05:30,224.52,225.6,227.87,222.67,34958169.0
2022-03-16T00:00:00+05:30,229.0,226.54,229.38,225.7,22914160.0
2022-03-17T00:00:00+05:30,231.17,231.5,231.64,229.09,36256386.0
2022-03-18T00:00:00+05:30,244.9,245.25,245.4,242.7,34218305.0
2022-03-21T00:00:00+05:30,230.79,232.11,233.86,230.13,29636657.0
2022-03-22T00:00:00+05:30,235.75,230.84,236.69,229.9,39139720.0
2022-03-23T00:00:00+05:30,237.87,237.35,239.48,234.57,42896547.0
2022-03-24T00:00:00+05:30,240.56,237.82,242.12,237.35,40510567.0
2022-03-25T00:00:00+05:30,239.15,240.99,241.41,235.28,31023942.0
2022-03-28T00:00:00+05:30,242.64,239.76,243.54,238.39,26396258.0
2022-03-29T00:00:00+05:30,240.33,242.64,243.06,239.52,19199074.0
2022-03-30T00:00:00+05:30,235.23,240.8,242.03,234.71,18649368.0
2022-03-31T00:00:00+05:30,236.6,235.61,240.09,235.51,27180626.0
2022-04-01T00:00:00+05:30,239.1,235.98,241.03,234.85,15155366.0
2022-04-04T00:00:00+05:30,241.13,238.91,243.44,237.02,16852184.0
2022-04-05T00:00:00+05:30,244.9,241.7,247.17,240.8,28797626.0
2022-04-06T00:00:00+05:30,245.05,243.06,248.59,242.87,20761919.0
2022-04-07T00:00:00+05:30,242.26,243.54,247.5,241.46,17015003.0
2022-04-08T00:00:00+05:30,252.79,243.54,253.78,241.65,40073442.0
2022-04-11T00:00:00+05:30,252.5,253.68,257.84,251.09,48888494.0
2022-04-12T00:00:00+05:30,249.95,251.94,253.59,248.35,24952687.0
2022-04-13T00:00:00+05:30,254.44,250.43,255.43,248.87,22686244.0
2022-04-15T00:00:00+05:30,269.1,265.3,270.6,263.65,21386113.0
2022-04-18T00:00:00+05:30,254.96,252.98,257.22,252.27,25848597.0
2022-04-19T00:00:00+05:30,246.89,256.75,257.22,244.29,24768751.0
2022-04-20T00:00:00+05:30,245.0,248.16,250.57,243.11,25966367.0
2022-04-21T00:00:00+05:30,245.8,245.14,249.62,245.05,24802801.0
2022-04-22T00:00:00+05:30,246.46,245.42,248.26,244.05,16602034.0
2022-04-25T00:00:00+05:30,240.94,244.29,244.48,238.34,25646465.0
2022-04-26T00:00:00+05:30,244.43,242.21,246.08,241.88,21756448.0
2022-04-27T00:00:00+05:30,243.06,241.84,244.01,241.41,17565606.0
2022-04-28T00:00:00+05:30,246.46,244.95,248.92,243.68,29582893.0
2022-04-29T00:00:00+05:30,245.0,248.26,248.26,244.01,21632700.0
2022-05-02T00:00:00+05:30,248.4,243.54,249.67,242.64,20092254.0
2022-05-04T00:00:00+05:30,245.19,249.2,251.13,244.1,27493362.0
2022-05-05T00:00:00+05:30,247.36,247.31,250.33,245.8,18997981.0
2022-05-06T00:00:00+05:30,251.7,244.48,252.36,244.39,36538590.0
2022-05-09T00:00:00+05:30,248.21,251.23,251.23,245.94,22674937.0
2022-05-10T00:00:00+05:30,245.19,247.31,251.84,244.57,19104307.0
2022-05-11T00:00:00+05:30,241.32,244.48,247.5,237.64,18374214.0
2022-05-12T00:00:00+05:30,238.72,240.7,242.03,235.18,21235239.0
2022-05-13T00:00:00+05:30,244.1,240.66,246.23,240.23,12629686.0
2022-05-16T00:00:00+05:30,239.85,245.38,245.38,238.82,8673100.0
2022-05-17T00:00:00+05:30,249.86,240.7,250.62,240.52,18855046.0
2022-05-18T00:00:00+05:30,251.84,251.09,252.79,248.4,21400087.0
2022-05-19T00:00:00+05:30,260.2,247.88,263.59,247.88,82937445.0
2022-05-20T00:00:00+05:30,264.3,261.47,266.52,261.47,34293364.0
2022-05-23T00:00:00+05:30,259.11,264.3,264.73,257.74,22989000.0
2022-05-24T00:00:00+05:30,255.67,259.58,259.58,254.86,16471406.0
2022-05-25T00:00:00+05:30,257.41,257.65,258.54,255.33,16196684.0
2022-05-26T00:00:00+05:30,251.75,253.21,253.21,249.06,19514185.0
2022-05-27T00:00:00+05:30,254.11,253.92,255.52,250.19,14267974.0
2022-05-30T00:00:00+05:30,253.97,255.33,255.81,252.6,12521072.0
2022-05-31T00:00:00+05:30,255.48,253.97,259.11,251.46,24586755.0
2022-06-01T00:00:00+05:30,256.61,255.48,258.73,255.05,15572854.0
2022-06-02T00:00:00+05:30,258.17,255.52,259.06,252.83,15086807.0
2022-06-03T00:00:00+05:30,257.41,259.58,260.24,256.37,13229552.0
2022-06-06T00:00:00+05:30,259.39,257.13,260.34,254.58,11574059.0
2022-06-07T00:00:00+05:30,258.54,257.88,259.58,256.99,11471677.0
2022-06-08T00:00:00+05:30,252.88,258.59,259.02,251.28,15214967.0
2022-06-09T00:00:00+05:30,255.67,252.79,256.47,250.85,10445819.0
2022-06-10T00:00:00+05:30,255.0,253.97,255.81,253.68,8868242.0
2022-06-13T00:00:00+05:30,249.81,251.46,254.01,248.26,11751516.0
2022-06-14T00:00:00+05:30,250.57,248.44,252.46,248.3,7863018.0
2022-06-15T00:00:00+05:30,248.63,251.09,252.31,248.3,5359970.0
2022-06-16T00:00:00+05:30,246.08,252.03,252.88,244.95,15142280.0
2022-06-17T00:00:00+05:30,248.54,244.48,249.34,244.05,17643828.0
2022-06-20T00:00:00+05:30,249.29,248.54,251.23,246.7,18095633.0
2022-06-21T00:00:00+05:30,254.77,250.14,255.67,249.29,14707587.0
2022-06-22T00:00:00+05:30,250.43,252.03,255.15,250.05,11993299.0
2022-06-23T00:00:00+05:30,250.62,250.62,252.27,247.69,9605782.0
2022-06-24T00:00:00+05:30,250.95,251.18,253.31,250.33,7429662.0
2022-06-27T00:00:00+05:30,254.82,252.03,255.48,251.56,8658379.0
2022-06-28T00:00:00+05:30,256.61,253.82,256.99,253.49,11907739.0
2022-06-29T00:00:00+05:30,258.69,254.16,259.58,254.06,16969830.0
2022-06-30T00:00:00+05:30,258.17,258.59,259.3,256.75,20406082.0
2022-07-01T00:00:00+05:30,268.41,258.17,269.02,256.0,37254254.0
2022-07-04T00:00:00+05:30,275.54,269.64,276.86,268.83,42250426.0
2022-07-05T00:00:00+05:30,270.82,276.57,276.57,269.73,19671500.0
2022-07-06T00:00:00+05:30,273.08,270.06,273.74,269.31,19379394.0
2022-07-07T00:00:00+05:30,275.58,274.69,276.72,272.33,14614315.0
2022-07-08T00:00:00+05:30,276.62,276.48,277.94,274.12,11770297.0
2022-07-11T00:00:00+05:30,278.46,276.57,280.3,275.68,13086327.0
2022-07-12T00:00:00+05:30,276.29,276.57,278.79,274.59,14910560.0
2022-07-13T00:00:00+05:30,277.56,276.57,278.27,276.29,9828591.0
2022-07-14T00:00:00+05:30,274.54,277.8,279.74,272.94,14211074.0
2022-07-15T00:00:00+05:30,277.09,275.63,277.52,273.27,11680251.0
2022-07-18T00:00:00+05:30,278.74,278.46,279.69,277.28,11987958.0
2022-07-19T00:00:00+05:30,278.08,278.46,279.03,276.29,9734145.0
2022-07-20T00:00:00+05:30,281.48,278.37,282.71,277.14,16727051.0
2022-07-21T00:00:00+05:30,282.76,282.24,285.26,281.29,16995670.0
2022-07-22T00:00:00+05:30,283.7,283.18,285.54,281.39,10559546.0
2022-07-25T00:00:00+05:30,284.22,282.24,285.97,282.05,11272710.0
2022-07-26T00:00:00+05:30,285.49,284.12,286.72,283.61,10317614.0
2022-07-27T00:00:00+05:30,287.1,285.87,287.9,283.75,9901240.0
2022-07-28T00:00:00+05:30,286.44,287.81,288.09,285.45,11482833.0
2022-07-29T00:00:00+05:30,286.06,287.9,288.75,284.46,17938427.0
2022-08-01T00:00:00+05:30,290.26,286.96,291.49,286.11,16833282.0
2022-08-02T00:00:00+05:30,292.57,292.62,298.9,290.92,41297843.0
2022-08-03T00:00:00+05:30,290.87,293.47,293.47,286.63,18746198.0
2022-08-04T00:00:00+05:30,292.15,290.73,292.95,289.93,16846378.0
2022-08-05T00:00:00+05:30,293.42,292.15,294.32,291.77,10687921.0
2022-08-08T00:00:00+05:30,295.59,293.52,296.35,292.67,8800524.0
2022-08-10T00:00:00+05:30,293.75,295.59,296.49,293.33,9453564.0
2022-08-11T00:00:00+05:30,289.08,295.45,295.88,288.18,11532540.0
2022-08-12T00:00:00+05:30,291.25,289.08,292.05,287.43,6803954.0
2022-08-16T00:00:00+05:30,293.14,291.25,294.04,291.25,9121228.0
2022-08-17T00:00:00+05:30,295.03,294.23,295.69,293.56,8449562.0
2022-08-18T00:00:00+05:30,297.95,295.45,298.28,295.07,10470881.0
2022-08-19T00:00:00+05:30,294.51,298.43,298.43,293.75,11041430.0
2022-08-22T00:00:00+05:30,296.77,293.75,299.23,293.56,12030292.0
2022-08-23T00:00:00+05:30,298.19,295.41,298.28,294.6,9893550.0
2022-08-24T00:00:00+05:30,296.49,298.05,301.54,295.5,12020816.0
2022-08-25T00:00:00+05:30,294.84,297.76,298.66,294.13,8219939.0
2022-08-26T00:00:00+05:30,295.36,297.1,297.72,294.51,7369759.0
2022-08-29T00:00:00+05:30,295.97,292.62,297.29,291.53,12036186.0
2022-08-30T00:00:00+05:30,302.53,296.63,303.38,296.63,18888368.0
2022-09-01T00:00:00+05:30,299.79,301.59,303.85,298.28,14042236.0
2022-09-02T00:00:00+05:30,305.03,300.83,306.07,300.22,27288752.0
2022-09-05T00:00:00+05:30,310.41,306.78,311.12,305.6,18509612.0
2022-09-06T00:00:00+05:30,308.81,311.5,311.5,308.1,12681727.0
2022-09-07T00:00:00+05:30,307.82,307.72,309.89,307.02,8566064.0
2022-09-08T00:00:00+05:30,311.4,310.56,312.07,309.14,11559173.0
2022-09-09T00:00:00+05:30,311.97,312.07,314.61,311.5,9966871.0
2022-09-12T00:00:00+05:30,312.35,313.39,313.76,311.5,9230160.0
2022-09-13T00:00:00+05:30,315.65,313.1,316.22,312.07,11145032.0
2022-09-14T00:00:00+05:30,316.55,312.44,319.99,312.4,12995598.0
2022-09-15T00:00:00+05:30,315.37,317.54,318.15,314.24,8918681.0
2022-09-16T00:00:00+05:30,312.73,313.72,315.84,311.22,13234837.0
2022-09-19T00:00:00+05:30,316.79,310.65,318.01,310.65,15218666.0
2022-09-20T00:00:00+05:30,317.16,319.76,320.56,316.22,10091848.0
2022-09-21T00:00:00+05:30,321.84,317.16,325.85,316.69,22238859.0
2022-09-22T00:00:00+05:30,325.71,321.88,329.2,321.79,25616105.0
2022-09-23T00:00:00+05:30,326.98,328.02,329.95,324.05,24195269.0
2022-09-26T00:00:00+05:30,313.95,325.52,326.55,313.15,17168297.0
2022-09-27T00:00:00+05:30,316.08,316.22,320.51,315.27,10584449.0
2022-09-28T00:00:00+05:30,306.73,313.34,314.61,306.12,16476643.0
2022-09-29T00:00:00+05:30,314.38,310.56,316.12,309.38,19367118.0
2022-09-30T00:00:00+05:30,313.58,314.38,316.93,311.64,13166048.0
2022-10-03T00:00:00+05:30,306.21,314.24,314.33,305.13,9652434.0
2022-10-04T00:00:00+05:30,314.19,310.27,315.27,309.61,9326105.0
2022-10-06T00:00:00+05:30,317.78,316.22,320.28,313.91,23555697.0
2022-10-07T00:00:00+05:30,315.37,317.92,317.97,312.73,11130064.0
2022-10-10T00:00:00+05:30,309.47,311.5,312.87,307.77,9946635.0
2022-10-11T00:00:00+05:30,308.01,310.56,311.92,306.87,11240111.0
2022-10-12T00:00:00+05:30,311.59,309.56,312.87,306.54,10951520.0
2022-10-13T00:00:00+05:30,310.22,311.45,312.73,309.61,7698315.0
2022-10-14T00:00:00+05:30,313.48,313.67,315.18,312.3,6806509.0
2022-10-17T00:00:00+05:30,313.62,312.54,315.98,311.12,7340599.0
2022-10-18T00:00:00+05:30,321.22,315.23,321.88,314.85,22127980.0
2022-10-19T00:00:00+05:30,326.93,323.86,327.97,320.75,17263951.0
2022-10-20T00:00:00+05:30,330.09,327.55,331.27,325.47,19571971.0
2022-10-21T00:00:00+05:30,326.22,333.4,333.4,325.19,28997871.0
2022-10-24T00:00:00+05:30,328.21,329.39,330.09,327.55,3358872.0
2022-10-25T00:00:00+05:30,326.89,329.86,329.91,324.38,18266275.0
2022-10-27T00:00:00+05:30,326.41,327.22,328.82,324.57,19660845.0
2022-10-28T00:00:00+05:30,326.41,328.07,329.06,325.75,13845382.0
2022-10-31T00:00:00+05:30,329.15,328.49,330.85,325.42,14647134.0
2022-11-01T00:00:00+05:30,329.91,329.67,330.85,327.73,20833172.0
2022-11-02T00:00:00+05:30,334.77,328.96,336.28,328.96,17778208.0
2022-11-03T00:00:00+05:30,333.87,334.15,338.4,333.21,11373806.0
2022-11-04T00:00:00+05:30,333.78,334.15,336.04,332.74,8884968.0
2022-11-07T00:00:00+05:30,333.68,335.1,336.37,330.38,10647219.0
2022-11-09T00:00:00+05:30,340.48,333.68,341.19,333.4,21835225.0
2022-11-10T00:00:00+05:30,336.04,338.87,339.72,334.25,20475548.0
2022-11-11T00:00:00+05:30,336.37,339.82,340.71,334.77,11601307.0
2022-11-14T00:00:00+05:30,327.73,336.37,336.94,327.17,18687572.0
2022-11-15T00:00:00+05:30,325.89,329.39,329.39,320.14,16369114.0
2022-11-16T00:00:00+05:30,324.81,326.32,327.4,322.5,8056602.0
2022-11-17T00:00:00+05:30,324.43,324.81,327.97,323.39,10587858.0
2022-11-18T00:00:00+05:30,321.93,324.43,325.42,320.75,8303835.0
2022-11-21T00:00:00+05:30,318.3,320.09,320.94,315.65,9745160.0
2022-11-22T00:00:00+05:30,321.17,318.11,321.88,316.88,6881651.0
2022-11-23T00:00:00+05:30,320.75,322.83,322.83,318.58,8229672.0
2022-11-24T00:00:00+05:30,321.65,320.75,323.3,318.63,8624365.0
2022-11-25T00:00:00+05:30,321.22,321.88,322.73,318.86,7345039.0
2022-11-28T00:00:00+05:30,320.99,320.94,322.59,319.76,10490891.0
2022-11-29T00:00:00+05:30,323.11,320.94,325.66,320.94,10795059.0
2022-11-30T00:00:00+05:30,320.94,322.12,324.86,319.99,23896197.0
2022-12-01T00:00:00+05:30,320.51,322.54,322.54,317.92,17618145.0
2022-12-02T00:00:00+05:30,318.25,320.32,321.69,317.87,8887072.0
2022-12-05T00:00:00+05:30,317.87,318.72,319.85,315.42,10293474.0
2022-12-06T00:00:00+05:30,318.39,315.37,319.24,315.37,6703234.0
2022-12-07T00:00:00+05:30,321.03,319.52,322.35,317.78,10396042.0
2022-12-08T00:00:00+05:30,319.43,321.13,322.97,318.58,6568709.0
2022-12-09T00:00:00+05:30,322.26,320.7,323.3,319.05,8615224.0
2022-12-12T00:00:00+05:30,323.96,321.88,324.71,321.03,11880732.0
2022-12-13T00:00:00+05:30,326.22,325.19,326.6,323.2,11328539.0
2022-12-14T00:00:00+05:30,326.04,326.6,327.88,324.48,7818190.0
2022-12-15T00:00:00+05:30,319.85,325.42,326.7,319.05,8639275.0
2022-12-16T00:00:00+05:30,316.31,318.58,319.9,312.73,13167490.0
2022-12-19T00:00:00+05:30,321.41,317.92,323.16,316.55,8276825.0
2022-12-20T00:00:00+05:30,321.08,320.99,321.84,317.87,5807822.0
2022-12-21T00:00:00+05:30,316.36,321.88,322.12,315.75,7463635.0
2022-12-22T00:00:00+05:30,313.81,316.83,318.48,311.4,6975514.0
2022-12-23T00:00:00+05:30,308.38,312.35,313.29,307.11,10672200.0
2022-12-26T00:00:00+05:30,315.84,308.2,316.31,307.25,10134374.0
2022-12-27T00:00:00+05:30,314.47,316.79,317.54,311.64,7126899.0
2022-12-28T00:00:00+05:30,315.65,314.19,316.22,312.92,8197118.0
2022-12-29T00:00:00+05:30,316.55,315.61,316.93,312.96,8586759.0
2022-12-30T00:00:00+05:30,312.96,316.6,317.87,311.97,7373654.0
2023-01-02T00:00:00+05:30,314.19,312.35,315.27,311.17,6305393.0
2023-01-03T00:00:00+05:30,312.54,312.92,314.66,311.74,6353233.0
2023-01-04T00:00:00+05:30,308.67,313.25,313.86,307.72,7087093.0
2023-01-05T00:00:00+05:30,314.76,310.22,315.18,309.8,8656762.0
2023-01-06T00:00:00+05:30,316.27,315.94,318.63,314.43,8776153.0
2023-01-09T00:00:00+05:30,319.1,318.06,322.17,317.3,11249466.0
2023-01-10T00:00:00+05:30,314.71,318.96,319.43,313.91,7362362.0
2023-01-11T00:00:00+05:30,313.2,316.31,316.31,312.73,4856567.0
2023-01-12T00:00:00+05:30,311.36,314.71,314.9,309.71,7032696.0
2023-01-13T00:00:00+05:30,310.32,311.36,313.62,308.1,15268680.0
2023-01-16T00:00:00+05:30,311.69,311.83,313.58,309.19,8744167.0
2023-01-17T00:00:00+05:30,313.62,311.69,314.8,310.65,14526963.0
2023-01-18T00:00:00+05:30,315.89,315.27,317.68,313.76,13301235.0
2023-01-19T00:00:00+05:30,313.53,315.27,316.83,313.06,8841830.0
2023-01-20T00:00:00+05:30,315.84,313.39,316.41,310.79,13881928.0
2023-01-23T00:00:00+05:30,318.81,317.16,319.19,314.38,7547969.0
2023-01-24T00:00:00+05:30,319.95,318.86,321.65,318.67,13033577.0
2023-01-25T00:00:00+05:30,320.23,319.9,321.88,316.45,13239806.0
2023-01-27T00:00:00+05:30,326.6,322.64,329.29,322.35,22289773.0
2023-01-30T00:00:00+05:30,325.47,327.45,332.03,322.68,14928454.0
2023-01-31T00:00:00+05:30,332.6,326.6,335.1,321.93,18151945.0
2023-02-01T00:00:00+05:30,341.14,333.21,345.2,310.65,68350933.0
2023-02-02T00:00:00+05:30,357.37,341.33,363.13,340.19,59056036.0
2023-02-03T00:00:00+05:30,359.31,360.49,360.82,351.14,23619504.0
2023-02-06T00:00:00+05:30,361.91,361.06,366.44,358.32,27321904.0
2023-02-07T00:00:00+05:30,352.32,362.38,362.38,347.79,21869796.0
2023-02-08T00:00:00+05:30,354.5,353.74,356.15,350.72,11039363.0
2023-02-09T00:00:00+05:30,353.27,353.03,358.7,351.29,12565666.0
2023-02-10T00:00:00+05:30,350.53,351.33,355.82,349.54,10889072.0
2023-02-13T00:00:00+05:30,353.22,352.09,354.12,349.26,10489205.0
2023-02-14T00:00:00+05:30,364.78,353.98,365.92,352.8,30854872.0
2023-02-15T00:00:00+05:30,360.77,360.35,361.39,357.33,12934498.0
2023-02-16T00:00:00+05:30,361.1,360.58,363.65,359.64,10355861.0
2023-02-17T00:00:00+05:30,361.91,359.69,362.99,357.99,8127805.0
2023-02-20T00:00:00+05:30,362.52,363.13,365.78,359.92,8268535.0
2023-02-21T00:00:00+05:30,360.82,363.42,364.27,360.3,8750133.0
2023-02-22T00:00:00+05:30,362.33,360.58,363.32,358.7,9493301.0
2023-02-23T00:00:00+05:30,365.87,362.9,371.91,361.62,19948994.0
2023-02-24T00:00:00+05:30,363.51,367.19,367.19,359.64,13676995.0
2023-02-27T00:00:00+05:30,360.77,363.51,365.11,356.9,8625914.0
2023-02-28T00:00:00+05:30,355.58,361.06,362.71,353.98,17339588.0
2023-03-01T00:00:00+05:30,357.47,353.27,359.07,352.65,8227951.0
2023-03-02T00:00:00+05:30,354.5,358.22,358.46,353.69,5317731.0
2023-03-03T00:00:00+05:30,363.37,355.86,363.79,355.01,8666584.0
2023-03-06T00:00:00+05:30,366.39,364.27,370.5,363.65,11350694.0
2023-03-08T00:00:00+05:30,370.4,366.25,371.11,363.51,9447346.0
2023-03-09T00:00:00+05:30,365.78,370.12,371.53,364.03,10206490.0
2023-03-10T00:00:00+05:30,366.25,365.26,368.32,362.0,8858923.0
2023-03-13T00:00:00+05:30,362.14,367.38,368.98,361.06,9314046.0
2023-03-14T00:00:00+05:30,358.41,364.08,364.78,356.05,10837341.0
2023-03-15T00:00:00+05:30,358.13,359.64,362.75,356.81,8923999.0
2023-03-16T00:00:00+05:30,360.06,359.26,360.91,355.72,16643161.0
2023-03-17T00:00:00+05:30,354.5,363.42,363.42,348.93,51808818.0
2023-03-20T00:00:00+05:30,357.56,352.37,358.08,351.14,10723351.0
2023-03-21T00:00:00+05:30,355.82,357.56,357.56,353.08,12300432.0
2023-03-22T00:00:00+05:30,356.57,355.82,357.61,353.22,5058460.0
2023-03-23T00:00:00+05:30,359.31,355.86,361.29,353.41,10331544.0
2023-03-24T00:00:00+05:30,357.47,360.11,361.53,356.81,10524539.0
2023-03-27T00:00:00+05:30,358.88,356.76,362.85,355.25,11458766.0
2023-03-28T00:00:00+05:30,358.46,358.88,360.91,356.95,9715199.0
2023-03-29T00:00:00+05:30,361.29,358.88,362.47,356.01,10763772.0
2023-03-31T00:00:00+05:30,362.0,360.58,362.94,358.7,10076085.0
2023-04-03T00:00:00+05:30,357.66,362.47,362.47,357.28,7478466.0
2023-04-05T00:00:00+05:30,364.74,357.66,365.35,357.66,12297881.0
2023-04-06T00:00:00+05:30,365.63,364.97,368.42,362.66,13663696.0
2023-04-10T00:00:00+05:30,366.77,365.63,368.14,363.18,7185885.0
2023-04-11T00:00:00+05:30,373.8,366.77,375.78,366.25,19320625.0
2023-04-12T00:00:00+05:30,371.49,375.45,375.5,370.12,10326459.0
2023-04-13T00:00:00+05:30,373.42,373.33,374.37,371.63,6418908.0
2023-04-17T00:00:00+05:30,377.72,370.87,379.46,370.87,11697014.0
2023-04-18T00:00:00+05:30,376.16,377.57,379.46,374.74,10058555.0
2023-04-19T00:00:00+05:30,376.39,373.85,378.85,373.8,10322938.0
2023-04-20T00:00:00+05:30,377.86,377.57,380.08,375.4,7063799.0
2023-04-21T00:00:00+05:30,385.36,377.86,386.07,376.68,15098683.0
2023-04-24T00:00:00+05:30,385.79,387.01,387.01,381.54,6337033.0
2023-04-25T00:00:00+05:30,388.48,385.79,390.37,384.56,9365232.0
2023-04-26T00:00:00+05:30,389.14,388.9,389.85,386.12,8073339.0
2023-04-27T00:00:00+05:30,392.68,389.09,394.0,387.96,13363460.0
2023-04-28T00:00:00+05:30,401.69,394.57,404.24,390.51,13474122.0
2023-05-02T00:00:00+05:30,400.65,402.12,403.06,397.59,10862513.0
2023-05-03T00:00:00+05:30,403.2,400.23,404.48,398.39,7760564.0
2023-05-04T00:00:00+05:30,400.8,401.46,403.06,400.23,8459181.0
2023-05-05T00:00:00+05:30,404.71,402.07,407.69,400.56,13149625.0
2023-05-08T00:00:00+05:30,407.26,406.84,409.15,405.28,7673856.0
2023-05-09T00:00:00+05:30,400.04,408.54,408.87,397.87,10586472.0
2023-05-10T00:00:00+05:30,401.5,400.18,402.45,398.53,10333831.0
2023-05-11T00:00:00+05:30,396.83,403.3,403.44,395.42,16931665.0
2023-05-12T00:00:00+05:30,396.88,396.83,399.0,392.72,11797286.0
2023-05-15T00:00:00+05:30,403.82,396.45,404.67,395.56,9694612.0
2023-05-16T00:00:00+05:30,400.18,405.89,405.89,399.76,8468995.0
2023-05-17T00:00:00+05:30,403.63,400.37,404.9,398.91,10042717.0
2023-05-18T00:00:00+05:30,396.17,405.89,408.21,394.66,25420307.0
2023-05-19T00:00:00+05:30,396.31,397.35,399.38,388.29,27297928.0
2023-05-22T00:00:00+05:30,400.94,398.29,401.88,395.6,16337617.0
2023-05-23T00:00:00+05:30,405.09,402.12,407.03,400.42,9251262.0
2023-05-24T00:00:00+05:30,409.2,404.29,410.38,403.06,12161518.0
2023-05-25T00:00:00+05:30,416.42,412.45,417.64,410.42,19285679.0
2023-05-26T00:00:00+05:30,418.73,418.54,419.82,414.86,13767558.0
2023-05-29T00:00:00+05:30,423.92,420.05,426.47,419.2,21003792.0
2023-05-30T00:00:00+05:30,424.68,416.28,426.14,416.28,20022527.0
2023-05-31T00:00:00+05:30,420.52,424.11,426.66,417.64,15119964.0
2023-06-01T00:00:00+05:30,415.05,421.94,421.94,414.39,9325980.0
2023-06-02T00:00:00+05:30,418.54,415.33,419.96,415.14,9750484.0
2023-06-05T00:00:00+05:30,415.95,420.05,421.8,415.43,7576967.0
2023-06-06T00:00:00+05:30,417.98,416.09,418.73,415.71,6837836.0
2023-06-07T00:00:00+05:30,419.06,419.11,420.67,417.93,7991458.0
2023-06-08T00:00:00+05:30,418.07,420.71,420.76,417.13,7441624.0
2023-06-09T00:00:00+05:30,413.87,410.75,419.77,410.75,7477028.0
2023-06-12T00:00:00+05:30,412.45,415.33,416.23,409.53,9237032.0
2023-06-13T00:00:00+05:30,420.43,416.28,421.37,413.73,17068789.0
2023-06-14T00:00:00+05:30,419.58,421.23,422.65,418.87,9221144.0
2023-06-15T00:00:00+05:30,422.98,420.05,423.59,419.82,7944097.0
2023-06-16T00:00:00+05:30,427.7,423.83,430.06,422.79,12426340.0
2023-06-19T00:00:00+05:30,428.17,429.26,430.34,426.9,4437987.0
2023-06-20T00:00:00+05:30,427.46,429.3,429.3,424.91,4737730.0
2023-06-21T00:00:00+05:30,421.99,426.66,428.74,420.1,6419395.0
2023-06-22T00:00:00+05:30,422.55,422.88,424.44,420.85,7031295.0
2023-06-23T00:00:00+05:30,419.82,422.41,422.55,417.88,6452657.0
2023-06-26T00:00:00+05:30,420.71,421.85,426.09,419.11,5802653.0
2023-06-27T00:00:00+05:30,420.15,421.09,422.13,418.31,5154577.0
2023-06-28T00:00:00+05:30,424.16,420.05,425.34,419.58,12800382.0
2023-06-29T00:00:00+05:30,445.1,445.1,445.1,445.1,0.0
2023-06-30T00:00:00+05:30,426.28,424.77,426.61,421.56,9646909.0
2023-07-03T00:00:00+05:30,437.28,426.28,439.83,424.82,11334595.0
2023-07-04T00:00:00+05:30,440.2,438.93,441.76,434.02,8183895.0
2023-07-05T00:00:00+05:30,448.46,440.2,453.7,438.27,17218303.0
2023-07-06T00:00:00+05:30,447.33,450.59,450.64,444.12,10033567.0
2023-07-07T00:00:00+05:30,442.14,446.48,448.84,441.38,7758411.0
2023-07-10T00:00:00+05:30,439.73,443.65,444.5,437.7,6908618.0
2023-07-11T00:00:00+05:30,446.62,439.87,447.95,439.87,8959875.0
2023-07-12T00:00:00+05:30,445.82,450.97,450.97,444.08,13073897.0
2023-07-13T00:00:00+05:30,445.54,447.33,450.02,444.59,8379540.0
2023-07-14T00:00:00+05:30,446.39,446.48,448.37,444.92,5383189.0
2023-07-17T00:00:00+05:30,445.87,447.9,449.13,444.22,6452484.0
2023-07-18T00:00:00+05:30,446.01,446.06,447.61,444.59,5670170.0
2023-07-19T00:00:00+05:30,452.0,446.25,453.51,441.86,14690943.0
2023-07-20T00:00:00+05:30,464.56,453.0,466.02,449.6,21452923.0
2023-07-21T00:00:00+05:30,462.95,464.23,469.8,459.7,14801818.0
2023-07-24T00:00:00+05:30,444.92,465.79,471.69,441.9,41291760.0
2023-07-25T00:00:00+05:30,436.38,441.67,442.23,429.87,46120369.0
2023-07-26T00:00:00+05:30,445.77,438.84,446.48,436.15,19221011.0
2023-07-27T00:00:00+05:30,438.98,447.8,448.51,435.25,14820331.0
2023-07-28T00:00:00+05:30,442.19,441.48,443.13,437.42,10570866.0
2023-07-31T00:00:00+05:30,439.59,442.71,443.37,437.51,8681509.0
2023-08-01T00:00:00+05:30,438.74,439.87,442.56,437.8,6820605.0
2023-08-02T00:00:00+05:30,434.31,438.55,438.74,432.32,10931048.0
2023-08-03T00:00:00+05:30,430.48,434.31,437.75,428.83,11248524.0
2023-08-04T00:00:00+05:30,429.44,430.72,435.53,428.78,7240315.0
2023-08-07T00:00:00+05:30,429.4,428.64,430.95,425.67,9705236.0
2023-08-08T00:00:00+05:30,426.99,431.38,431.38,425.76,6772156.0
2023-08-09T00:00:00+05:30,432.94,426.99,434.12,421.85,10337919.0
2023-08-10T00:00:00+05:30,426.42,433.17,433.55,423.83,13977809.0
2023-08-11T00:00:00+05:30,423.59,428.45,428.45,419.82,12270233.0
2023-08-14T00:00:00+05:30,424.02,423.59,425.95,420.1,8011984.0
2023-08-16T00:00:00+05:30,425.01,425.72,431.76,423.07,15806429.0
2023-08-17T00:00:00+05:30,416.28,424.77,424.77,415.33,17235865.0
2023-08-18T00:00:00+05:30,416.89,416.28,418.49,413.92,20471985.0
2023-08-21T00:00:00+05:30,422.69,417.22,423.36,416.61,10140552.0
2023-08-22T00:00:00+05:30,428.78,423.83,429.63,421.94,10440258.0
2023-08-23T00:00:00+05:30,425.2,430.06,430.1,423.45,8946603.0
2023-08-24T00:00:00+05:30,425.62,425.34,428.08,424.11,6449874.0
2023-08-25T00:00:00+05:30,418.49,425.62,425.72,417.27,9821618.0
2023-08-28T00:00:00+05:30,416.65,420.05,421.8,416.28,7321199.0
2023-08-29T00:00:00+05:30,415.43,418.12,419.11,414.58,10043047.0
2023-08-30T00:00:00+05:30,417.98,416.28,419.11,415.8,7802347.0
2023-08-31T00:00:00+05:30,415.05,418.16,419.96,411.65,21082248.0
2023-09-01T00:00:00+05:30,416.32,415.33,420.05,413.73,12117996.0
2023-09-04T00:00:00+05:30,412.97,418.49,418.49,412.17,14412624.0
2023-09-05T00:00:00+05:30,418.26,414.29,419.58,413.92,8876562.0
2023-09-06T00:00:00+05:30,422.36,419.06,423.36,417.22,13627011.0
2023-09-07T00:00:00+05:30,420.9,423.64,423.83,419.67,8570879.0
2023-09-08T00:00:00+05:30,417.83,422.79,422.79,417.08,10529853.0
2023-09-11T00:00:00+05:30,422.13,421.0,422.98,417.83,9874152.0
2023-09-12T00:00:00+05:30,425.86,423.73,428.83,420.62,15262080.0
2023-09-13T00:00:00+05:30,428.08,426.85,431.38,425.81,12514788.0
2023-09-14T00:00:00+05:30,424.72,430.34,430.34,422.08,15288024.0
2023-09-15T00:00:00+05:30,423.21,422.93,426.75,421.94,15972610.0
2023-09-18T00:00:00+05:30,426.71,423.21,428.55,421.18,8684293.0
2023-09-20T00:00:00+05:30,427.56,426.38,429.59,424.35,10551181.0
2023-09-21T00:00:00+05:30,422.41,427.41,428.12,419.58,11356130.0
2023-09-22T00:00:00+05:30,418.26,422.41,423.26,417.46,7952130.0
2023-09-25T00:00:00+05:30,417.79,418.26,419.86,413.77,6126421.0
2023-09-26T00:00:00+05:30,417.64,418.73,419.58,415.05,5644268.0
2023-09-27T00:00:00+05:30,423.97,417.64,424.58,414.2,11113863.0
2023-09-28T00:00:00+05:30,416.04,424.72,424.72,414.95,10823537.0
2023-09-29T00:00:00+05:30,419.49,417.22,420.62,414.58,8644707.0
2023-10-03T00:00:00+05:30,415.1,416.28,418.07,414.62,7926253.0
2023-10-04T00:00:00+05:30,411.65,415.1,416.94,409.01,14192378.0
2023-10-05T00:00:00+05:30,411.6,415.33,415.8,410.66,10625982.0
2023-10-06T00:00:00+05:30,417.36,413.3,418.73,412.17,8918583.0
2023-10-09T00:00:00+05:30,415.76,416.23,418.35,412.74,5944416.0
2023-10-10T00:00:00+05:30,419.49,415.76,419.91,415.76,5312598.0
2023-10-11T00:00:00+05:30,423.12,422.13,424.25,419.86,8105958.0
2023-10-12T00:00:00+05:30,425.43,424.44,427.13,421.14,12473807.0
2023-10-13T00:00:00+05:30,423.21,424.63,426.47,421.94,8085798.0
2023-10-16T00:00:00+05:30,423.78,422.88,425.72,421.18,4465296.0
2023-10-17T00:00:00+05:30,428.03,424.58,429.02,423.83,7348179.0
2023-10-18T00:00:00+05:30,426.33,428.78,432.51,425.72,7304457.0
2023-10-19T00:00:00+05:30,425.15,424.54,429.4,421.8,10027644.0
2023-10-20T00:00:00+05:30,413.73,420.05,423.83,412.83,13793688.0
2023-10-23T00:00:00+05:30,411.46,413.44,415.29,408.82,7707582.0
2023-10-25T00:00:00+05:30,408.44,412.41,413.44,403.11,11535963.0
2023-10-26T00:00:00+05:30,410.0,405.47,412.12,405.47,19917872.0
2023-10-27T00:00:00+05:30,409.43,410.0,412.31,407.97,13912463.0
2023-10-30T00:00:00+05:30,406.32,410.19,412.64,404.34,8070489.0
2023-10-31T00:00:00+05:30,404.38,405.89,409.06,403.91,9132129.0
2023-11-01T00:00:00+05:30,404.1,405.89,406.93,401.65,8464808.0
2023-11-02T00:00:00+05:30,406.98,405.94,408.44,404.62,8636203.0
2023-11-03T00:00:00+05:30,408.96,408.54,410.05,406.93,14622376.0
2023-11-06T00:00:00+05:30,410.94,409.2,412.31,408.3,7742285.0
2023-11-07T00:00:00+05:30,408.44,410.52,410.52,407.92,5428341.0
2023-11-08T00:00:00+05:30,412.45,408.87,412.97,408.06,7394402.0
2023-11-09T00:00:00+05:30,410.05,413.26,413.44,409.57,8248186.0
2023-11-10T00:00:00+05:30,412.08,410.05,413.44,408.25,4321480.0
2023-11-12T00:00:00+05:30,413.87,414.25,414.58,413.44,1251030.0
2023-11-13T00:00:00+05:30,411.56,413.82,413.82,410.61,3967165.0
2023-11-15T00:00:00+05:30,417.17,413.54,417.69,412.97,7878098.0
2023-11-16T00:00:00+05:30,414.06,417.17,419.58,413.07,11502742.0
2023-11-17T00:00:00+05:30,414.62,414.62,416.75,413.73,7050554.0
2023-11-20T00:00:00+05:30,412.31,415.19,415.62,410.14,4592879.0
2023-11-21T00:00:00+05:30,411.79,412.64,414.67,411.08,6354037.0
2023-11-22T00:00:00+05:30,415.05,412.5,415.71,410.42,5176921.0
2023-11-23T00:00:00+05:30,415.66,416.23,417.46,413.68,6744737.0
2023-11-24T00:00:00+05:30,413.26,416.28,417.46,412.36,7227048.0
2023-11-28T00:00:00+05:30,410.85,413.44,414.39,410.52,9265122.0
2023-11-29T00:00:00+05:30,412.69,411.56,413.92,409.81,14603959.0
2023-11-30T00:00:00+05:30,411.37,412.22,413.87,410.14,16025970.0
2023-12-01T00:00:00+05:30,424.58,413.35,425.67,412.88,20485327.0
2023-12-04T00:00:00+05:30,428.59,429.49,430.81,425.72,13560461.0
2023-12-05T00:00:00+05:30,426.42,429.49,432.13,424.87,12857101.0
2023-12-06T00:00:00+05:30,437.28,428.45,438.46,426.75,21630216.0
2023-12-07T00:00:00+05:30,432.42,438.69,438.74,431.76,11982705.0
2023-12-08T00:00:00+05:30,423.97,434.16,435.72,423.36,19776634.0
2023-12-11T00:00:00+05:30,427.08,426.19,428.17,424.11,6991964.0
2023-12-12T00:00:00+05:30,427.7,428.74,434.21,426.99,10761419.0
2023-12-13T00:00:00+05:30,430.1,430.72,433.13,427.7,11954049.0
2023-12-14T00:00:00+05:30,434.31,434.21,435.15,424.25,15224326.0
2023-12-15T00:00:00+05:30,432.51,436.0,437.0,429.49,16727649.0
2023-12-18T00:00:00+05:30,426.33,429.49,430.44,425.1,12741974.0
2023-12-19T00:00:00+05:30,430.53,427.93,432.32,426.71,10878645.0
2023-12-20T00:00:00+05:30,425.72,433.27,433.5,424.11,10983430.0
2023-12-21T00:00:00+05:30,426.14,423.83,428.31,419.53,11817130.0
2023-12-22T00:00:00+05:30,429.68,427.6,430.34,425.29,11681201.0
2023-12-26T00:00:00+05:30,430.86,430.48,433.17,429.21,6220014.0
2023-12-27T00:00:00+05:30,431.47,431.38,432.8,428.31,7991406.0
2023-12-28T00:00:00+05:30,438.08,431.57,438.65,430.53,21925301.0
2023-12-29T00:00:00+05:30,436.19,438.08,441.67,435.49,13653737.0
2024-01-01T00:00:00+05:30,441.81,437.51,443.6,436.71,9901379.0
2024-01-02T00:00:00+05:30,443.98,443.65,444.92,437.61,11144570.0
2024-01-03T00:00:00+05:30,450.49,443.89,453.75,443.04,25463579.0
2024-01-04T00:00:00+05:30,449.69,453.09,454.46,447.61,12487020.0
2024-01-05T00:00:00+05:30,447.38,452.52,452.52,445.54,9756378.0
2024-01-08T00:00:00+05:30,439.4,448.37,448.84,438.51,8478508.0
2024-01-09T00:00:00+05:30,438.51,441.29,443.6,437.66,6035128.0
2024-01-10T00:00:00+05:30,437.33,438.51,440.58,434.26,6246310.0
2024-01-11T00:00:00+05:30,436.71,438.08,440.39,435.25,6922894.0
2024-01-12T00:00:00+05:30,440.54,437.28,441.48,434.54,9909906.0
2024-01-15T00:00:00+05:30,441.38,443.65,444.12,439.97,7312094.0
2024-01-16T00:00:00+05:30,445.82,441.57,448.37,438.22,12783002.0
2024-01-17T00:00:00+05:30,440.44,444.97,450.26,439.12,11768475.0
2024-01-18T00:00:00+05:30,439.4,439.17,441.62,429.07,9686859.0
2024-01-19T00:00:00+05:30,445.07,442.28,446.48,440.25,12928112.0
2024-01-20T00:00:00+05:30,442.14,446.86,448.37,441.76,3492190.0
2024-01-22T00:00:00+05:30,471.5,471.5,471.5,471.5,0.0
2024-01-23T00:00:00+05:30,433.55,447.19,447.19,430.81,8903681.0
2024-01-24T00:00:00+05:30,437.61,434.31,441.2,432.42,22910624.0
2024-01-25T00:00:00+05:30,430.1,437.56,438.88,426.75,20846415.0
2024-01-29T00:00:00+05:30,424.58,430.34,431.62,422.41,18930452.0
2024-01-30T00:00:00+05:30,413.49,421.94,428.26,412.88,46098896.0
2024-01-31T00:00:00+05:30,416.8,415.33,417.69,414.11,21063849.0
2024-02-01T00:00:00+05:30,418.07,417.22,422.65,414.67,20303697.0
2024-02-02T00:00:00+05:30,415.43,420.05,422.13,414.86,18174966.0
2024-02-05T00:00:00+05:30,413.49,417.22,418.78,412.08,12757099.0
2024-02-06T00:00:00+05:30,407.21,415.33,416.18,405.42,19878840.0
2024-02-07T00:00:00+05:30,407.59,410.61,410.61,406.65,13645853.0
2024-02-08T00:00:00+05:30,391.31,404.95,405.04,385.69,51045661.0
2024-02-09T00:00:00+05:30,392.21,387.11,400.42,385.69,34201402.0
2024-02-12T00:00:00+05:30,384.04,394.14,394.57,383.29,11554706.0
2024-02-13T00:00:00+05:30,383.95,384.09,387.77,380.69,16533632.0
2024-02-14T00:00:00+05:30,388.48,383.24,389.14,381.73,12871704.0
2024-02-15T00:00:00+05:30,381.26,389.85,391.31,380.55,21594646.0
2024-02-16T00:00:00+05:30,381.92,382.29,386.59,377.01,39747199.0
2024-02-19T00:00:00+05:30,386.31,382.29,389.61,381.92,17956489.0
2024-02-20T00:00:00+05:30,383.33,387.44,387.44,381.63,14920720.0
2024-02-21T00:00:00+05:30,380.74,384.18,387.11,378.8,20567745.0
2024-02-22T00:00:00+05:30,391.21,384.09,391.88,380.83,19709643.0
2024-02-23T00:00:00+05:30,388.34,392.58,392.58,387.49,11809726.0
2024-02-26T00:00:00+05:30,386.26,388.05,389.89,384.47,8456227.0
2024-02-27T00:00:00+05:30,388.1,387.01,389.61,385.65,8246041.0
2024-02-28T00:00:00+05:30,385.41,388.1,389.23,383.99,9129601.0
2024-02-29T00:00:00+05:30,383.52,386.07,388.01,381.82,15779809.0
2024-03-01T00:00:00+05:30,386.54,385.98,389.99,384.65,13131844.0
2024-03-02T00:00:00+05:30,388.95,387.96,389.66,387.11,1035720.0
2024-03-04T00:00:00+05:30,386.16,389.14,389.8,385.55,7246620.0
2024-03-05T00:00:00+05:30,383.38,386.68,388.34,381.3,10311607.0
2024-03-06T00:00:00+05:30,384.98,383.71,386.97,378.24,11766523.0
2024-03-07T00:00:00+05:30,390.37,384.98,391.69,381.02,24387801.0
2024-03-11T00:00:00+05:30,386.45,393.43,394.85,385.13,18666588.0
2024-03-12T00:00:00+05:30,381.78,383.71,383.71,376.96,36954419.0
2024-03-13T00:00:00+05:30,398.77,410.61,413.44,397.54,107647482.0
2024-03-14T00:00:00+05:30,396.12,398.29,401.65,394.57,32591933.0
2024-03-15T00:00:00+05:30,395.6,393.81,404.52,391.97,77604504.0
2024-03-18T00:00:00+05:30,394.05,395.51,397.11,393.53,16880052.0
2024-03-19T00:00:00+05:30,386.59,394.57,396.03,385.79,22241490.0
2024-03-20T00:00:00+05:30,392.39,387.01,393.29,386.59,20773974.0
2024-03-21T00:00:00+05:30,397.63,395.51,398.34,392.87,20369987.0
2024-03-22T00:00:00+05:30,404.57,397.63,405.56,397.63,41169933.0
2024-03-26T00:00:00+05:30,403.67,401.69,405.14,401.69,10884355.0
2024-03-27T00:00:00+05:30,404.0,403.06,404.85,402.54,12953774.0
2024-03-28T00:00:00+05:30,404.34,404.0,408.96,403.06,29592244.0
2024-04-01T00:00:00+05:30,402.78,405.04,407.17,401.88,9939550.0
2024-04-02T00:00:00+05:30,401.98,404.67,404.67,400.8,9379523.0
2024-04-03T00:00:00+05:30,401.36,402.12,404.76,397.4,13416702.0
2024-04-04T00:00:00+05:30,399.05,401.69,403.39,396.36,19448768.0
2024-04-05T00:00:00+05:30,403.58,398.81,407.5,396.41,17106050.0
2024-04-08T00:00:00+05:30,405.04,404.29,407.21,403.77,9022459.0
2024-04-09T00:00:00+05:30,402.45,406.32,407.31,401.69,7107354.0
2024-04-10T00:00:00+05:30,412.45,404.29,413.26,401.88,14840106.0
2024-04-12T00:00:00+05:30,405.99,410.61,411.32,404.29,19162692.0
2024-04-15T00:00:00+05:30,402.02,404.0,405.09,399.19,9265707.0
2024-04-16T00:00:00+05:30,402.02,399.52,403.06,399.47,10566001.0
2024-04-18T00:00:00+05:30,395.37,402.12,402.97,394.24,22578191.0
2024-04-19T00:00:00+05:30,400.94,394.57,402.35,392.68,17567524.0
2024-04-22T00:00:00+05:30,401.46,403.06,403.63,399.62,7534549.0
2024-04-23T00:00:00+05:30,405.14,401.46,406.36,401.27,12735389.0
2024-04-24T00:00:00+05:30,404.85,405.18,406.65,404.29,6192331.0
2024-04-25T00:00:00+05:30,413.02,406.84,413.73,404.95,30946981.0
2024-04-26T00:00:00+05:30,415.33,414.62,418.45,411.93,15651443.0
2024-04-29T00:00:00+05:30,413.63,417.22,417.64,410.23,12318495.0
2024-04-30T00:00:00+05:30,411.23,415.29,415.8,410.71,12780561.0
2024-05-02T00:00:00+05:30,414.39,411.56,417.79,410.47,24608540.0
2024-05-03T00:00:00+05:30,411.98,415.38,415.38,407.17,24264626.0
2024-05-06T00:00:00+05:30,410.38,413.44,415.76,409.06,10970072.0
2024-05-07T00:00:00+05:30,415.66,412.41,421.0,410.8,27511289.0
2024-05-08T00:00:00+05:30,416.28,416.51,419.77,413.63,11135962.0
2024-05-09T00:00:00+05:30,401.27,415.38,416.75,399.62,24803151.0
2024-05-10T00:00:00+05:30,409.06,402.59,411.89,402.59,14816629.0
2024-05-13T00:00:00+05:30,407.64,408.96,411.04,405.42,7736702.0
2024-05-14T00:00:00+05:30,405.61,406.36,409.01,404.52,11653430.0
2024-05-15T00:00:00+05:30,403.82,406.6,408.96,402.83,8014391.0
2024-05-16T00:00:00+05:30,407.26,405.89,408.35,399.19,24392717.0
2024-05-17T00:00:00+05:30,411.84,408.16,412.97,404.85,12133982.0
2024-05-18T00:00:00+05:30,412.17,412.5,413.11,410.8,756257.0
2024-05-21T00:00:00+05:30,410.42,411.56,412.59,408.91,11399836.0
2024-05-22T00:00:00+05:30,415.24,412.83,417.17,410.99,11258798.0
2024-05-23T00:00:00+05:30,416.61,416.65,419.96,412.08,27792503.0
2024-05-24T00:00:00+05:30,411.75,416.28,417.64,410.9,13519396.0
2024-05-27T00:00:00+05:30,407.31,414.2,414.29,406.55,12529492.0
2024-05-28T00:00:00+05:30,404.95,407.88,408.25,404.24,9863157.0
2024-05-29T00:00:00+05:30,406.79,401.65,408.16,401.65,11049852.0
2024-05-30T00:00:00+05:30,400.09,404.48,406.79,398.67,21743432.0
2024-05-31T00:00:00+05:30,402.54,402.83,405.47,400.47,29889818.0
2024-06-03T00:00:00+05:30,406.22,409.67,410.52,404.62,16440874.0
2024-06-04T00:00:00+05:30,391.92,402.12,402.4,380.26,48752870.0
2024-06-05T00:00:00+05:30,406.18,398.34,411.56,394.61,28763947.0
2024-06-06T00:00:00+05:30,410.99,411.56,413.16,406.93,32968305.0
2024-06-07T00:00:00+05:30,414.53,407.21,416.89,406.93,30137651.0
2024-06-10T00:00:00+05:30,412.41,415.33,416.28,411.41,12111395.0
2024-06-11T00:00:00+05:30,408.72,412.5,413.26,408.02,13423131.0
2024-06-12T00:00:00+05:30,408.06,406.41,410.05,406.08,10967826.0
2024-06-13T00:00:00+05:30,406.18,412.41,412.41,405.66,9835193.0
2024-06-14T00:00:00+05:30,406.98,406.84,407.69,405.0,9765275.0
2024-06-18T00:00:00+05:30,404.71,408.72,409.86,404.19,14935509.0
2024-06-19T00:00:00+05:30,399.9,405.89,406.6,399.33,11557767.0
2024-06-20T00:00:00+05:30,399.57,400.28,402.59,397.87,15452098.0
2024-06-21T00:00:00+05:30,396.08,401.17,401.46,395.08,26702661.0
2024-06-24T00:00:00+05:30,399.57,396.45,400.18,396.45,9918494.0
2024-06-25T00:00:00+05:30,399.57,399.29,400.23,396.22,10869846.0
2024-06-26T00:00:00+05:30,400.18,399.29,402.49,398.39,11743163.0
2024-06-27T00:00:00+05:30,401.74,400.18,403.3,397.49,39210872.0
2024-06-28T00:00:00+05:30,401.08,401.65,404.0,399.76,18927458.0
2024-07-01T00:00:00+05:30,405.0,402.4,406.13,400.84,13660603.0
2024-07-02T00:00:00+05:30,401.65,405.89,406.51,398.86,11402600.0
2024-07-03T00:00:00+05:30,404.29,402.21,405.56,401.65,7584994.0
2024-07-04T00:00:00+05:30,405.0,405.89,407.31,403.11,9669438.0
2024-07-05T00:00:00+05:30,409.34,404.95,409.67,403.63,13697511.0
2024-07-08T00:00:00+05:30,418.73,410.75,419.63,409.34,21739914.0
2024-07-09T00:00:00+05:30,427.23,422.51,429.49,419.11,28042404.0
2024-07-10T00:00:00+05:30,426.14,428.26,429.82,421.47,12308248.0
2024-07-11T00:00:00+05:30,432.94,424.77,433.74,423.54,19949792.0
2024-07-12T00:00:00+05:30,433.31,432.94,437.28,430.29,20089055.0
2024-07-15T00:00:00+05:30,437.42,433.31,440.3,431.57,17216227.0
2024-07-16T00:00:00+05:30,439.45,437.47,440.58,435.53,13768623.0
2024-07-18T00:00:00+05:30,443.89,437.04,444.5,436.71,22347614.0
2024-07-19T00:00:00+05:30,447.95,444.59,452.52,443.08,26460850.0
2024-07-22T00:00:00+05:30,440.39,447.99,452.57,439.73,19139612.0
2024-07-23T00:00:00+05:30,464.61,440.39,469.51,440.25,57254276.0
2024-07-24T00:00:00+05:30,466.35,468.19,482.02,463.14,44572178.0
2024-07-25T00:00:00+05:30,462.48,462.53,468.19,457.48,18940878.0
2024-07-26T00:00:00+05:30,474.05,466.35,478.01,460.07,21967670.0
2024-07-29T00:00:00+05:30,468.24,477.16,477.82,466.35,13239121.0
2024-07-30T00:00:00+05:30,462.43,468.48,469.89,461.25,14170339.0
2024-07-31T00:00:00+05:30,467.58,464.84,470.03,463.0,12223502.0
2024-08-01T00:00:00+05:30,466.02,468.15,468.9,463.43,12358378.0
2024-08-02T00:00:00+05:30,461.68,457.62,471.45,457.62,22586323.0
2024-08-05T00:00:00+05:30,458.75,453.14,464.32,452.66,25525159.0
2024-08-06T00:00:00+05:30,459.04,458.99,464.13,456.91,14537894.0
2024-08-07T00:00:00+05:30,465.03,462.53,467.82,460.74,11548002.0
2024-08-08T00:00:00+05:30,467.01,466.3,470.08,464.89,21779140.0
2024-08-09T00:00:00+05:30,468.1,470.08,470.08,465.46,9748313.0
2024-08-12T00:00:00+05:30,466.87,464.42,471.97,464.42,9615152.0
2024-08-13T00:00:00+05:30,462.53,468.15,469.94,460.88,8218458.0
2024-08-14T00:00:00+05:30,464.61,464.37,471.02,462.43,9803195.0
2024-08-15T00:00:00+05:30,502.65,494.5,504.2,492.65,13137392.0
2024-08-16T00:00:00+05:30,474.47,466.78,475.93,465.03,13917659.0
2024-08-19T00:00:00+05:30,473.34,476.45,480.75,471.59,10804456.0
2024-08-20T00:00:00+05:30,470.84,472.91,475.18,469.8,7027134.0
2024-08-21T00:00:00+05:30,477.07,471.97,480.46,471.07,8978174.0
2024-08-22T00:00:00+05:30,476.26,479.38,479.99,473.34,8861069.0
2024-08-23T00:00:00+05:30,477.44,476.74,478.53,471.92,8360141.0
2024-08-26T00:00:00+05:30,477.35,477.63,479.52,473.86,8289788.0
2024-08-27T00:00:00+05:30,472.53,479.1,479.14,471.97,8426531.0
2024-08-28T00:00:00+05:30,469.42,472.35,474.14,468.66,8244424.0
2024-08-29T00:00:00+05:30,476.78,470.08,479.24,469.47,19779534.0
2024-08-30T00:00:00+05:30,473.76,473.81,480.61,472.16,15835455.0
2024-09-02T00:00:00+05:30,481.45,475.74,484.15,475.08,16828952.0
2024-09-03T00:00:00+05:30,480.84,481.45,487.02,479.43,12732500.0
2024-09-04T00:00:00+05:30,477.96,471.97,481.46,471.92,8914756.0
2024-09-05T00:00:00+05:30,482.54,479.85,483.2,478.62,11546204.0
2024-09-06T00:00:00+05:30,473.57,483.3,483.3,469.28,14531429.0
2024-09-09T00:00:00+05:30,483.06,473.86,483.91,472.3,14551867.0
2024-09-10T00:00:00+05:30,484.81,483.2,486.13,480.23,11560089.0
2024-09-11T00:00:00+05:30,485.51,484.24,490.38,483.25,15809141.0
2024-09-12T00:00:00+05:30,490.38,486.22,491.32,480.04,19469045.0
2024-09-13T00:00:00+05:30,485.04,490.38,490.85,483.3,9349346.0
2024-09-16T00:00:00+05:30,482.45,486.98,488.02,481.12,7978927.0
2024-09-17T00:00:00+05:30,479.28,482.4,484.76,477.87,11108809.0
2024-09-18T00:00:00+05:30,478.91,479.38,483.67,476.78,5752099.0
2024-09-19T00:00:00+05:30,479.76,481.41,485.94,479.05,14752375.0
2024-09-20T00:00:00+05:30,485.56,483.3,488.35,479.52,25222231.0
2024-09-23T00:00:00+05:30,487.97,486.55,490.33,484.81,8268474.0
2024-09-24T00:00:00+05:30,486.36,488.02,488.77,485.33,7156537.0
2024-09-25T00:00:00+05:30,488.53,486.6,490.19,483.58,8979650.0
2024-09-26T00:00:00+05:30,493.44,488.63,494.39,488.02,16409986.0
2024-09-27T00:00:00+05:30,493.4,491.08,498.87,491.08,18276605.0
2024-09-30T00:00:00+05:30,489.1,491.41,494.95,485.23,11156833.0
2024-10-01T00:00:00+05:30,487.26,489.1,490.61,485.18,5391584.0
2024-10-03T00:00:00+05:30,484.0,480.04,486.79,479.61,16812720.0
2024-10-04T00:00:00+05:30,475.32,481.41,488.35,473.43,19311579.0
2024-10-07T00:00:00+05:30,481.6,478.58,486.08,478.34,17458553.0
2024-10-08T00:00:00+05:30,479.47,481.41,483.81,477.63,10066739.0
2024-10-09T00:00:00+05:30,464.13,481.22,481.22,463.05,25375064.0
2024-10-10T00:00:00+05:30,464.46,467.58,467.86,462.01,13559522.0
2024-10-11T00:00:00+05:30,460.83,465.36,466.26,460.07,15249945.0
2024-10-14T00:00:00+05:30,469.09,463.47,471.02,461.25,7110754.0
2024-10-15T00:00:00+05:30,470.6,470.08,471.4,466.78,8515041.0
2024-10-16T00:00:00+05:30,465.55,468.19,470.88,464.75,7078951.0
2024-10-17T00:00:00+05:30,461.49,467.25,467.25,460.64,7823933.0
2024-10-18T00:00:00+05:30,459.41,461.35,463.99,451.58,23071562.0
2024-10-21T00:00:00+05:30,456.54,459.41,460.26,450.59,7834500.0
2024-10-22T00:00:00+05:30,454.79,456.54,461.02,453.84,13029778.0
2024-10-23T00:00:00+05:30,453.42,454.03,456.2,452.62,10766154.0
2024-10-24T00:00:00+05:30,445.26,454.98,455.36,443.65,13869994.0
2024-10-25T00:00:00+05:30,455.26,449.13,465.83,447.61,32800524.0
2024-10-28T00:00:00+05:30,457.01,454.93,458.66,449.31,9126082.0
2024-10-29T00:00:00+05:30,460.59,457.81,461.77,454.32,7274537.0
2024-10-30T00:00:00+05:30,463.99,460.59,465.6,459.23,6773583.0
2024-10-31T00:00:00+05:30,461.4,464.42,465.36,457.53,8274784.0
2024-11-01T00:00:00+05:30,462.81,463.47,464.51,461.87,1548410.0
2024-11-04T00:00:00+05:30,457.43,465.79,465.79,452.66,8930396.0
2024-11-05T00:00:00+05:30,453.28,455.87,457.86,450.21,7763050.0
2024-11-06T00:00:00+05:30,454.13,453.28,457.24,451.2,11985955.0
2024-11-07T00:00:00+05:30,451.11,454.74,455.64,449.41,9454318.0
2024-11-08T00:00:00+05:30,451.25,451.11,453.75,447.99,6452192.0
2024-11-11T00:00:00+05:30,450.21,451.25,454.51,447.52,5814952.0
2024-11-12T00:00:00+05:30,446.34,450.82,451.15,444.74,5341369.0
2024-11-13T00:00:00+05:30,445.73,443.7,448.09,442.0,11780852.0
2024-11-14T00:00:00+05:30,439.83,444.78,446.43,436.33,12330869.0
2024-11-18T00:00:00+05:30,440.39,439.87,441.57,436.1,8618436.0
2024-11-19T00:00:00+05:30,441.15,441.76,447.19,440.11,7264653.0
2024-11-21T00:00:00+05:30,431.52,435.15,438.03,429.87,20721562.0
2024-11-22T00:00:00+05:30,448.04,430.62,449.79,429.96,20620624.0
2024-11-25T00:00:00+05:30,450.07,452.15,455.17,445.92,14717076.0
2024-11-26T00:00:00+05:30,450.26,453.09,455.59,447.52,6928266.0
2024-11-27T00:00:00+05:30,450.21,450.73,453.18,446.48,7486743.0
2024-11-28T00:00:00+05:30,448.28,450.26,456.68,444.17,15268541.0
2024-11-29T00:00:00+05:30,450.02,446.67,452.05,446.1,8842420.0
2024-12-02T00:00:00+05:30,450.45,449.31,452.43,446.86,5803987.0
2024-12-03T00:00:00+05:30,446.06,439.87,446.86,436.81,23537856.0
2024-12-04T00:00:00+05:30,440.91,447.8,451.39,440.25,14237693.0
2024-12-05T00:00:00+05:30,441.29,441.34,446.25,436.57,27983918.0
2024-12-06T00:00:00+05:30,444.74,443.65,448.32,441.48,7999906.0
2024-12-09T00:00:00+05:30,438.88,445.07,445.54,437.0,12398481.0
2024-12-10T00:00:00+05:30,439.36,439.26,440.3,436.67,9347876.0
2024-12-11T00:00:00+05:30,439.17,441.01,441.95,438.65,7146469.0
2024-12-12T00:00:00+05:30,434.78,439.4,441.67,433.41,13649642.0
2024-12-13T00:00:00+05:30,443.65,434.21,447.8,426.33,33639810.0
2024-12-16T00:00:00+05:30,443.74,443.89,447.8,441.76,9542231.0
2024-12-17T00:00:00+05:30,443.23,443.65,449.13,437.09,21022753.0
2024-12-18T00:00:00+05:30,444.12,446.2,447.24,440.72,13099569.0
2024-12-19T00:00:00+05:30,440.39,442.71,447.76,439.21,15466362.0
2024-12-20T00:00:00+05:30,438.6,440.35,441.24,433.55,20638337.0
2024-12-23T00:00:00+05:30,447.66,444.78,450.92,441.38,19956280.0
2024-12-24T00:00:00+05:30,451.63,448.28,453.33,446.15,12251345.0
2024-12-26T00:00:00+05:30,450.21,453.61,454.84,449.31,9373577.0
2024-12-27T00:00:00+05:30,451.77,452.85,454.88,449.31,17246333.0
2024-12-30T00:00:00+05:30,450.26,453.8,454.46,449.31,13851360.0
2024-12-31T00:00:00+05:30,456.54,451.63,457.48,447.95,14064706.0
2025-01-01T00:00:00+05:30,456.82,458.75,459.56,455.12,19311808.0
2025-01-02T00:00:00+05:30,461.63,458.14,462.53,455.26,27676617.0
2025-01-03T00:00:00+05:30,454.6,462.77,463.47,452.95,39274863.0
2025-01-06T00:00:00+05:30,442.65,455.6,461.75,441.25,22009958.0
2025-01-07T00:00:00+05:30,441.1,445.5,447.6,440.15,14294780.0
2025-01-08T00:00:00+05:30,449.55,443.0,452.05,437.1,13482926.0
2025-01-09T00:00:00+05:30,450.1,449.4,460.65,446.05,19732649.0
2025-01-10T00:00:00+05:30,444.9,449.95,452.0,442.5,9145729.0
2025-01-13T00:00:00+05:30,439.05,435.0,444.0,435.0,17799607.0
2025-01-14T00:00:00+05:30,436.6,441.0,441.5,435.85,18048459.0
2025-01-15T00:00:00+05:30,437.35,436.6,441.8,435.35,9786805.0
2025-01-16T00:00:00+05:30,432.85,438.05,439.45,431.1,15774070.0
2025-01-17T00:00:00+05:30,440.2,433.0,441.8,432.5,11270061.0
2025-01-20T00:00:00+05:30,437.7,439.0,441.2,436.0,8742771.0
2025-01-21T00:00:00+05:30,437.55,438.0,447.0,435.25,15686500.0
2025-01-22T00:00:00+05:30,437.0,439.9,441.95,436.55,9619648.0
2025-01-23T00:00:00+05:30,440.2,435.0,441.85,434.1,8888248.0
2025-01-24T00:00:00+05:30,441.6,439.4,445.0,439.05,9665384.0
2025-01-27T00:00:00+05:30,440.1,440.8,445.0,436.55,10480203.0
2025-01-28T00:00:00+05:30,435.45,440.0,441.8,434.5,20813072.0
2025-01-29T00:00:00+05:30,433.35,435.95,437.5,430.1,15158510.0
2025-01-30T00:00:00+05:30,436.2,433.0,438.0,431.45,22496695.0
2025-01-31T00:00:00+05:30,447.5,436.5,448.2,435.1,13546181.0
2025-02-01T00:00:00+05:30,462.55,448.0,471.5,439.55,30393007.0
2025-02-03T00:00:00+05:30,454.35,462.0,465.2,452.3,16991730.0
2025-02-04T00:00:00+05:30,455.15,458.0,460.35,448.75,18923681.0
2025-02-05T00:00:00+05:30,448.15,455.15,455.85,446.5,12836283.0
2025-02-06T00:00:00+05:30,441.1,450.0,450.0,438.2,17469129.0
2025-02-07T00:00:00+05:30,430.85,440.0,445.5,428.4,18875982.0
2025-02-10T00:00:00+05:30,427.2,427.0,433.3,426.5,12227140.0
2025-02-11T00:00:00+05:30,418.3,428.8,430.55,417.5,14288751.0
2025-02-12T00:00:00+05:30,409.9,413.15,413.8,407.6,13884574.0
2025-02-13T00:00:00+05:30,409.7,409.95,413.95,409.0,12989029.0
2025-02-14T00:00:00+05:30,410.25,411.75,416.2,408.4,14124236.0
2025-02-17T00:00:00+05:30,408.6,409.8,411.4,406.75,11975265.0
2025-02-18T00:00:00+05:30,405.25,408.0,410.85,404.0,12998403.0
2025-02-19T00:00:00+05:30,406.4,404.8,408.8,404.5,7079032.0
2025-02-20T00:00:00+05:30,402.05,399.95,403.9,396.2,15355585.0
2025-02-21T00:00:00+05:30,400.9,402.05,403.25,399.2,8240986.0
2025-02-24T00:00:00+05:30,401.9,400.0,403.4,398.75,7037625.0
2025-02-25T00:00:00+05:30,404.85,402.0,407.0,400.5,15760891.0
2025-02-27T00:00:00+05:30,401.6,404.85,406.5,399.5,19051003.0
2025-02-28T00:00:00+05:30,395.0,399.0,402.5,392.2,31954776.0
2025-03-03T00:00:00+05:30,397.45,395.95,399.0,391.2,10702826.0
2025-03-04T00:00:00+05:30,394.85,395.4,397.2,392.85,13404774.0
2025-03-05T00:00:00+05:30,405.05,394.5,412.75,394.5,15665018.0
2025-03-06T00:00:00+05:30,405.7,409.15,409.7,400.55,17869996.0
2025-03-07T00:00:00+05:30,403.9,403.55,405.85,401.7,11180761.0
2025-03-10T00:00:00+05:30,405.0,401.05,406.85,400.4,9785018.0
2025-03-11T00:00:00+05:30,406.2,401.5,408.4,401.2,11099475.0
2025-03-12T00:00:00+05:30,412.4,406.4,413.3,404.0,13844306.0
2025-03-13T00:00:00+05:30,412.05,413.0,414.4,408.2,8196569.0
2025-03-17T00:00:00+05:30,407.95,413.0,416.25,407.0,5257859.0
2025-03-18T00:00:00+05:30,409.1,410.0,411.95,407.75,13861897.0
2025-03-19T00:00:00+05:30,403.05,410.0,410.75,402.6,12830387.0
2025-03-20T00:00:00+05:30,403.95,405.0,406.65,401.9,16994037.0
2025-03-21T00:00:00+05:30,405.55,405.95,407.5,401.7,25302035.0
2025-03-24T00:00:00+05:30,410.9,407.0,412.85,405.6,14362572.0
2025-03-25T00:00:00+05:30,409.8,412.0,415.25,408.7,20338110.0
2025-03-26T00:00:00+05:30,407.35,410.3,411.2,406.25,13891436.0
2025-03-27T00:00:00+05:30,409.45,408.0,410.7,405.65,18642328.0
2025-03-28T00:00:00+05:30,409.75,410.9,415.6,408.15,12981873.0
2025-04-01T00:00:00+05:30,406.65,409.8,414.4,405.6,15206240.0
2025-04-02T00:00:00+05:30,409.05,407.05,410.0,406.05,8001323.0
2025-04-03T00:00:00+05:30,409.4,407.05,410.2,406.7,7059566.0
2025-04-04T00:00:00+05:30,409.7,407.5,412.8,404.5,18627592.0
2025-04-07T00:00:00+05:30,406.05,390.15,408.1,390.15,26762866.0
2025-04-08T00:00:00+05:30,412.55,411.9,415.8,407.25,18600796.0
2025-04-09T00:00:00+05:30,416.3,413.0,419.05,411.25,21785572.0
2025-04-11T00:00:00+05:30,421.55,420.0,422.45,417.0,8939356.0
2025-04-15T00:00:00+05:30,420.4,429.2,429.2,419.0,11685880.0
2025-04-16T00:00:00+05:30,424.45,418.0,426.05,418.0,13034594.0
2025-04-17T00:00:00+05:30,427.25,425.0,427.85,421.55,22410217.0
2025-04-21T00:00:00+05:30,422.85,428.05,429.1,421.5,27388236.0
2025-04-22T00:00:00+05:30,433.6,425.95,434.8,423.55,32031936.0
2025-04-23T00:00:00+05:30,430.85,436.2,437.45,428.85,19566317.0
2025-04-24T00:00:00+05:30,430.05,431.85,436.05,429.3,26064089.0
2025-04-25T00:00:00+05:30,427.8,430.05,432.7,423.3,22944377.0
2025-04-28T00:00:00+05:30,428.8,426.65,430.5,424.75,6287095.0
2025-04-29T00:00:00+05:30,426.0,428.9,429.6,425.0,11189930.0
2025-04-30T00:00:00+05:30,425.8,427.4,429.3,422.0,10026546.0
2025-05-02T00:00:00+05:30,430.25,424.1,431.5,424.1,12769461.0
2025-05-05T00:00:00+05:30,436.95,430.25,438.5,429.35,11525305.0
2025-05-06T00:00:00+05:30,435.55,437.5,439.65,433.0,15026568.0
2025-05-07T00:00:00+05:30,431.15,433.4,435.0,429.7,9710361.0
2025-05-08T00:00:00+05:30,430.6,429.0,431.5,423.55,19937960.0
2025-05-09T00:00:00+05:30,423.55,425.95,429.15,423.0,8226512.0
2025-05-12T00:00:00+05:30,435.5,429.5,436.2,428.15,8031891.0
2025-05-13T00:00:00+05:30,427.9,434.9,437.95,425.35,14976369.0
2025-05-14T00:00:00+05:30,429.1,427.1,431.85,425.9,9557309.0
2025-05-15T00:00:00+05:30,432.65,429.1,435.4,426.0,24263510.0
2025-05-16T00:00:00+05:30,435.7,434.9,436.2,432.1,16402035.0
2025-05-19T00:00:00+05:30,435.35,435.0,438.5,432.65,7543854.0
2025-05-20T00:00:00+05:30,434.9,437.0,440.8,432.9,9868414.0
2025-05-21T00:00:00+05:30,433.0,436.6,438.2,432.0,5776672.0
2025-05-22T00:00:00+05:30,426.1,433.0,433.0,422.9,19451749.0
2025-05-23T00:00:00+05:30,436.3,434.0,439.0,429.0,18536884.0
2025-05-26T00:00:00+05:30,442.9,438.25,443.55,436.75,13107662.0
2025-05-27T00:00:00+05:30,433.9,442.9,444.2,430.85,26986022.0
2025-05-28T00:00:00+05:30,420.2,417.7,422.6,413.0,431851622.0
2025-05-29T00:00:00+05:30,418.75,422.0,422.8,416.6,21478547.0
2025-05-30T00:00:00+05:30,418.05,419.1,420.05,416.4,30656239.0
2025-06-02T00:00:00+05:30,419.3,418.3,420.45,414.55,14973380.0
2025-06-03T00:00:00+05:30,416.95,419.0,421.7,415.65,13216486.0
2025-06-04T00:00:00+05:30,417.0,417.15,419.0,415.95,12598933.0
2025-06-05T00:00:00+05:30,419.1,418.5,420.95,415.75,13212523.0
2025-06-06T00:00:00+05:30,421.05,420.3,421.3,419.0,8774988.0
2025-06-09T00:00:00+05:30,423.05,422.0,423.6,420.5,10473123.0
2025-06-10T00:00:00+05:30,427.0,424.5,428.55,423.05,13041075.0
2025-06-11T00:00:00+05:30,426.15,428.0,428.1,424.85,20789182.0
2025-06-12T00:00:00+05:30,421.0,427.0,427.2,419.55,18508835.0
2025-06-13T00:00:00+05:30,413.9,415.0,419.35,413.5,17873926.0
2025-06-16T00:00:00+05:30,418.2,414.95,418.9,413.25,7006629.0
2025-06-17T00:00:00+05:30,417.4,418.1,419.05,415.7,9028406.0
2025-06-18T00:00:00+05:30,415.9,417.0,418.45,414.9,8036215.0
2025-06-19T00:00:00+05:30,416.0,415.65,418.25,414.8,12601006.0
2025-06-20T00:00:00+05:30,418.55,416.0,419.5,416.0,13203184.0
2025-06-23T00:00:00+05:30,413.9,417.0,417.5,411.75,14839890.0
2025-06-24T00:00:00+05:30,414.35,416.9,420.65,413.75,16690068.0
2025-06-25T00:00:00+05:30,416.35,416.4,418.15,415.1,9946718.0
2025-06-26T00:00:00+05:30,420.3,417.2,420.9,416.25,13703918.0
2025-06-27T00:00:00+05:30,418.65,421.0,422.0,417.8,21409935.0
2025-06-30T00:00:00+05:30,416.45,419.8,420.75,415.8,12317124.0
2025-07-01T00:00:00+05:30,415.1,417.0,418.85,414.9,13670465.0
2025-07-02T00:00:00+05:30,412.95,416.9,416.9,411.7,15990899.0
2025-07-03T00:00:00+05:30,413.35,414.0,416.0,411.25,14185298.0
2025-07-04T00:00:00+05:30,412.55,414.9,415.0,411.75,8256733.0
2025-07-07T00:00:00+05:30,416.15,413.0,417.2,412.0,6845218.0
2025-07-08T00:00:00+05:30,417.2,416.15,418.1,414.65,6807192.0
2025-07-09T00:00:00+05:30,419.45,416.2,420.3,415.45,9930533.0
2025-07-10T00:00:00+05:30,416.85,420.3,420.3,416.4,6220360.0
2025-07-11T00:00:00+05:30,416.8,417.0,418.05,415.5,8578844.0
2025-07-14T00:00:00+05:30,419.4,417.05,419.95,416.55,6896989.0
2025-07-15T00:00:00+05:30,422.1,420.9,422.4,419.0,8532755.0
2025-07-16T00:00:00+05:30,424.6,422.1,425.45,420.3,9780773.0
2025-07-17T00:00:00+05:30,423.95,425.8,425.9,423.0,7240795.0
2025-07-18T00:00:00+05:30,422.75,425.2,425.2,420.1,6730256.0
2025-07-21T00:00:00+05:30,420.1,422.0,422.75,418.4,4822343.0
2025-07-22T00:00:00+05:30,416.0,420.1,420.4,415.2,9869507.0
2025-07-23T00:00:00+05:30,414.95,417.1,417.9,414.0,12196187.0
2025-07-24T00:00:00+05:30,409.95,415.85,415.85,409.45,9005157.0
2025-07-25T00:00:00+05:30,409.4,410.0,410.25,407.75,5824089.0
2025-07-28T00:00:00+05:30,409.9,410.8,410.85,408.6,8123337.0
2025-07-29T00:00:00+05:30,408.45,410.0,411.4,408.0,6811772.0
2025-07-30T00:00:00+05:30,407.6,409.0,409.3,405.75,10915863.0
2025-07-31T00:00:00+05:30,411.95,405.95,414.0,405.55,19364174.0
2025-08-01T00:00:00+05:30,416.45,412.4,419.35,411.8,14324065.0
2025-08-04T00:00:00+05:30,416.85,420.2,422.5,415.1,18352458.0
2025-08-05T00:00:00+05:30,414.15,417.2,417.95,413.0,8495104.0
2025-08-06T00:00:00+05:30,412.0,414.15,415.0,410.5,9080543.0
2025-08-07T00:00:00+05:30,413.6,412.0,414.75,411.65,11514878.0
2025-08-08T00:00:00+05:30,414.5,413.9,415.35,412.95,9814361.0
2025-08-11T00:00:00+05:30,416.85,414.5,417.0,414.0,8514272.0
2025-08-12T00:00:00+05:30,416.35,417.0,419.8,415.3,13635738.0
2025-08-13T00:00:00+05:30,414.2,417.2,417.5,413.6,10874178.0
